Category,Puzzle,Letters
Phrase,OPEN YOUR EYES,
Person,LIZA MINNELLI,
Phrase,PUT ON THE SPOT,
Place,TOMBSTONE ARIZONA,
Title,THE SPIRIT OF ST LOUIS,
Occupation,LION TAMER,
Thing,FIRST PRIZE,
Occupation,BOOKKEEPER,
Place,THE VATICAN,C D M A
Title,FLYING DOWN TO RIO,C D M O
Thing,POGO STICK,C D M A
Title,YANKEE DOODLE,C D G A
Thing,FINGER PAINTING,C D P A
Person,JOE NAMATH,D M C A
Title,FOR ME AND MY GAL,C D M A
Thing,APRICOT,A D G M
Thing,MINK COAT,C D M A
Thing,BLANK CHECK,M C D A
Place,BROADWAY,D M C A
Thing,SQUASH,C P M A
Phrase,GOING BANANAS,B M D A
Phrase,THE HOLIDAY SPIRIT,P H D I
Place,BANK VAULT,C H D A
Thing,PIGTAIL,C D M O
Title,BINGO,C P D A
Thing,CATCH PHRASE,D C M A
Thing,BUMPER CROP,C D P A
Phrase,ON GUARD,C D P O
Things,VOWELS,C H M U
Thing,MARMALADE,C D M A
Thing,KANGAROO,C D G O
Phrase,SLAPHAPPY,C P M A
Phrase,BLOW OVER,B C D A
Thing,LIFEBOAT,P H D A
Thing,PADLOCK,B M P A
Person,GROWN-UP,C M D O
People,SQUADRON,C H M O
Event,LUNCH BREAK,C D M A
Phrase,HIGH AND DRY,D C M A
Thing,BUMPY ROAD,B C G A
Thing,CLIFF HANGER,B D G A
Thing,LIBRARY BOOK,C D G O
Thing,HORSEPLAY,F D M O
Person,MISSIONARY,C D M A
Person,MONARCH,P D M I
Thing,WHIPLASH,C D M A
Event,CLAMBAKE,M P C O
Place,DOG HOUSE,C D M A
Thing,QUOTATION,C M P A
Thing,JACK OF CLUBS,C D M A
Place,COMMONWEALTH,C D M I
Thing,WHIPPED CREAM,D M W A
Thing,BLACKBOARD,C F D I
Thing,PIECE OF CAKE,C D M O
Person,A FLIRT,F C M I
Thing,MOOT POINT,C M H I
Person,VAGABOND,C H D A
Thing,WHITE BREAD,C G P A
Occupation,MAYOR,C G M A
Thing,FRUIT JUICE,C M D A
Occupation,TOUR GUIDE,G D M O
Thing,ATOM,B M P A
Thing,ANATOMY,D C M A
Place,TAMPA FLORIDA,H M D I
Person,CHOIRBOY,D C M A
Thing,PIE A LA MODE,C P M A
Place,FAMILY ROOM,C D H O
Thing,GIBBERISH,H M C A
People,CAVALCADE,C D M O
Thing,CLAY PIGEON,B C H A
Thing,HEADACHE,D P M A
Phrase,ALL GROWN-UP,P D C A
Place,NIGHT CLUB,C D M O
Title,SHOW BOAT,C D M O
Person,DICTATOR,D G P A
Thing,MAILBOX,C D M A
Thing,ACCUSATION,C M P I
Phrase,PIPING HOT,C H D O
Title,GUNSMOKE,H C P A
Thing,OSCAR AWARD,C D M O
Phrase,BRANCH OUT,C D G A
Thing,HOT DOG,G M P O
Phrase,AT ITS PEAK,P K G A
Thing,EXIT DOOR,C D M A
Title,BEWITCHED,D C V I
Thing,COAT POCKET,C D M A
Phrase,HIGHER AND HIGHER,D M C A
Thing,NICKNAME,D M C O
Thing,DIAMOND RING,K C G I
Place,MICHIGAN,M D P I
Thing,PHONOGRAPH,C D G A
Phrase,HOLY SMOKE,F C M A
Phrase,CUT AND DRIED,G P M A
Event,DRAG RACE,C D M I
Event,BOXING MATCH,C D M O
Thing,TAP-DANCING,D M G I
Phrase,GOING CRAZY,C D M A
Person,PICKLE-PUSS,D B M O
Phrase,BLOW UP,C B M I
Thing,FROG,C M D A
Slang,CHILL OUT,B M C A
Phrase,YOU DON'T SAY,
Person,VINCENT VAN GOGH,C P D A
Slang,FLICK,C G H I
Thing,BUNNY RABBIT,P M C A
Thing,COPYRIGHT,C P M O
Thing,CORK,C D H O
Thing,BOW TIE,C H P I
Phrase,RAISE A RUCKUS,
Thing,FIGURE EIGHT,C M D A
Thing,WAX,H M C A
Place,ZOO,C D Z O
Place,CINEMA,M V D A
Person,BABY BOY,
Thing,WIG,M C H A
Things,BOOTS,C D M O
Occupation,DEPUTY SHERIFF,M P D O
Place,FACTORY,C D M A
Thing,ACRE OF LAND,D C F O
Place,NEIGHBORHOOD,H K M A
Place,CARNIVAL,C B K A
Thing,FOG HORN,C P M O
Occupation,POLITICIAN,C D M A
Thing,HALBIUT,G D K O
Phrase,PUT YOUR FOOT DOWN,C M P O
Fictional Character,BAMBI,D M G I
Thing,BABY POWDER,C D M O
Thing,BOBSLED,C H M I
Event,AUCTION,C D M I
Thing,PROBLEM,G C D A
Phrase,THANK YOU,C D Y A
Thing,BASH,C H D A
Things,SPARK PLUGS,
Person,HOT SHOT,C D M A
Place,SPAIN,P H M A
Phrase,SLOW MOTION,W M G O
Title,CABARET,C B G A
Thing,HOMEWORK,C D M A
Thing,PROFIT,C B P O
Title,WINGS,C D M O
Title,HONEYMOON,D G M A
Fictional Character,MATLOCK,M C D A
People,ADULTS,M C D A
Thing,LAVA,D C M A
Place,JUNGLE,
Thing,X-RAY,M P B A
Phrase,SOFT-SPOKEN,M D C A
Thing,WORLD CUP,C D M U
Thing,AVOCADO,P D M A
Thing,SMOKE,C D P O
Thing,GOLD,H P C O
Thing,BOWL,
Slang?,DOZED OFF,
Thing,GIRAFFE,C M D A
Things,DICE,B C M O
Thing,GOAT,B G M O
Things,SKIS,D C M U
Thing,FROWN,W C B O
Thing,KEYHOLE,P C M I
Place,VINEYARD,D V M I
Thing,WORM,C M D O
Slang,NIFTY,G H Y I
Title,THE PIANO,H D M A
Place,VALLEY FORGE,C P G I
Thing,TONIGHT,C D P I
Thing,ICE CUBE,H M D I
Thing,BREAD,C D M A
Phrase,STOP THE SHOW,P B M O
Phrase,NO HARM DONE,B D M O
Person,BEAU BRIDGES,B D M A
Thing,PARASAIL,M B P A
Thing,HUMOR,B D M O
Place,HEAVEN,C D M A
Slang,DEEJAY,H D C O
Things,COOKIES,C D H I
Thing,YO-YO,G H M O
Thing,LIGHT BULB,G D H I
Thing,HOT DOG,D P M I
Thing,FINAL EXAM,P M F I
Person,PUBLIC SPEAKER,M C D A
People,GROUPIES,C H M O
Things,MASHED POTATOES,D M P O
Thing,TRAFFIC,D M P I
Thing,TODAY,M D G A
Thing,GRAPEVINE,D M C I
Person,BRIDEGROOM,D M P A
Thing,CLIMATE,C P M A
Thing,PHONE,
Things,BALL & CHAIN,B C H A
Thing,MEMO,C D M A
Thing,PERFUME,D M P U
Phrase,LIGHTS OUT,M K C O
Place,HAVANA,G C M A
Place,GYMNASIUM,M D H O
Place,MUSEUM,M P D O
Thing,HARDWARE,D W M O
Occupation,BUSBOY,
Thing,MAGIC ACT,B C M A
Phrase,DO NOT DISTURB,F G Y O
Person,HUNK,C D M A
Thing,TIDBIT,C M P O
Title,THE LION KING,C H M O
Things,BRACES,C M P O
Thing,RIBBON,P D C O
Person,MEG RYAN,H P K A
Place,BAKERY,C M Y I
People,CROWD,C D M A
Slang,FED UP,C D M A
Place,DUNGEON,D M P O
Thing,DATE OF BIRTH,D C M A
Phrase,EBB AND FLOW,D M Y A
Thing,MURPHY'S LAW,M P C A
Thing,FAUCET,C K J A
Phrase,WOE IS ME,C D M A
Title,THE MASK,H C M A
Place,CHURCH,M H G I
Slang,PHOOEY,G D C O
Thing,TIARA,H C P O
Thing,FLEA,M D B O
Thing,KIMONO,G D M A
Things,AIRWAVES,C D G I
Phrase,IF LOOKS COULD KILL,C D M O
Thing,BUCKET,P M D A
Occupation,MAYOR,M C H A
Thing,AWARD,M C D A
Thing,PILLOW,D M H A
Thing,GIGGLE,D M P A
Landmark,THE ALAMO,G D C A
Phrase,LO AND BEHOLD,M Y D A
Thing,HOT SAUCE,D C H A
Person,GURU,J D M A
Phrase,AS I WAS SAYING,G C D A
Thing,OVEN,C D M A
Phrase,OUT OF SYNC,C F G O
Thing,IDEA,M H D I
Phrase,THUMBS UP,H M B U
Occupation,RABBI,C B M A
Thing,SHOEHORN,C D M A
Thing,CROWN,C B P O
Thing,DRUMSTICK,C D P A
Slang,UP TO SNUFF,M C P A
Thing,BRANDING IRON,G D C I
Thing,FLAG,P M C U
Person,DUSTIN HOFFMAN,D M F I
Thing,OLIVE,D G M A
Phrase,CHANGE OF HEART,H G C I
People,COHORTS,D P M A
Place,KENYA,
Thing,CRICKET,C D M I
People,MARY & JOSEPH,M D C A
Thing,BEDTIME,M D C A
Thing,LAUGHTER,G H M A
Thing,BAY WINDOW,C M B A
Fictional Character,FRASIER,P G M A
Slang,CUTIE PIE,O P M W
Place,VALLEY,C P M I
Event,RODEO,C M P I
Fictional Character,VAMPIRE,C D M O
Title,JEOPARDY,P D M I
Thing,MONEY,D P C I
Thing,ROOF,
Thing,LOGIC,H M D O
Thing,BOW TIE,C D M I
Thing,PRIZE,P C M I
Thing,SKIN,C D P U
Slang,COP OUT,C D M O
Thing,DIAGRAM,D M C A
Person,CLOWN,C G P O
Slang,THE BLAHS,C P B I
Thing,OATMEAL,B M C A
Things,TRACKS,C M W O
Person,PARTY ANIMAL,M G P A
Phrase,CRY LIKE A BABY,M H D O
Thing,IVORY SOAP,C M P A
Phrase,OUT OF TOWN,C D M O
Thing,CUPCAKE,P C B A
Place,SWAMP,H D P O
Event,JUNE WEDDING,M D G I
Slang,HANGING OUT,H G F O
Thing,VOODOO,B C D A
Person,COWBOY,P C O H
Place,PARK,C D M A
Occupation,POLICEMAN,M P C O
People,AIR FORCE,C F H O
Title,BLACK BEAUTY,C D M A
Phrase,OUT OF PLACE,C D M O
Place,GENOA ITALY,C D M O
Phrase,PEACE OF MIND,P M C I
Thing,BUBBLE BATH,C D M A
Thing,BALL GAME,C D M A
Place,PANTRY,C M P A
Things,SOAPSUDS,C D M A
Thing,LOCKER,M C K O
Thing,BLINK,B C K O
Phrase,ACT YOUR AGE,P G C I
Phrase,ONE OF A KIND,F B D O
Phrase,WAY OFF BASE,C D M O
Thing,SUGAR,P M C A
Event,COFFEE BREAK,B C F A
Place,DISNEY WORLD,C D M I
Thing,DAISY,D C H A
Thing,PEPPERMINT,H C F O
Thing,NOSTALGIA,O G C M
Phrase,COME TO LIFE,
Thing,GAME PLAN,D C H O
Person,GUY,C D M A
Thing,CINNAMON,D C P O
Thing,MARBLE,P C F A
Person,GENIUS,P C F A
Thing,HUG,B C D O
Thing,MENU,? ? M ?
Thing,MEDICINE,C D M A
Thing,REWARD,P D M A
Place,CARNIVAL,C G H A
Thing,POLAR BEAR,C D M A
Thing,BICYCLE,C M H A
Place,CROSSWALK,B M K U
Title,POCAHONTAS,C M B A
Thing,FUDGE,M F D I
Thing,BISCUIT,C A M H
Event,TROPICAL STORM,C D M A
Thing,MANNEQUIN,C F G A
Thing,BUSY SIGNAL,G H P A
Thing,MORTGAGE,D M C A
Thing,TUBA,M D H O
Thing,EXHIBIT,C H D I
Thing,TECHNIQUE,D M C A
Thing,JASMINE,G C H A
Thing,GOOSE,C P B O
Thing,LIQUID,C D M A
Thing,BLANK CHECK,D P G O
Thing,PROFILE,C H P O
Thing,CARBON COPY,P H C A
Thing,CAKE MIX,C P D A
Phrase,I DO,C G D A
Thing,TOY BOAT,H M D O
Event,DAWN,P C W O
Thing,BEAR HUG,C D M A
Phrase,GOOD GRIEF,D K P I
Thing,ZEBRA,P M H I
Thing,LUNCH MENU,C D M A
Person,OPTIMIST,C D M A
Title,BABE,M D F A
Place,GULF,D P M O
Place,BOULEVARD,C D M A
Title,HEIDI,C D M A
Thing,GIRAFFE,B P G A
Person,FOLK HERO,D P C O
Person,INDIVIDUAL,M D P O
Thing,HALF-HOUR,P B H A
Thing,PISTACHIO,D C P A
Thing,AWNING,C M D A
Thing,FABLE,H P C O
Thing,WISDOM,C M P A
Thing,INVOICE,C D M O
Place,SUBURB,C H P A
Thing,FABRIC,C P G O
Thing,SAXOPHONE,C H M I
Thing,YOLK,D M C A
Thing,LUXURY SEDAN,D M C A
Title,THE KING AND I,H K G I
Event,HEAT WAVE,C D P A
Event,PICNIC,M P W O
Thing,FROG,C M D A
Thing,POWDER,P C D I
Thing,QUANTITY,P M C A
Thing,BAIT,C B D A
Thing,DIPLOMA,C M Y O
Things,WHISKERS,C D M A
Title,PSYCHO,C P M A
Place,BELGIUM,D P M O
Thing,FIRM GRASP,D C M O
Place,BROOK,C M P A
Thing,HANDBOOK,C D M O
Thing,PIANO,M C H A
Thing,PAGER,B P D O 
Thing,CANARY,
Thing,FONDUE,C D M A
Thing,OWL,P D M A
Thing,ABILITY,D P F A
Thing,FORMAT,M H C O
Place,MICHIGAN,D M H I
Thing,HUNCH,D C P U
Place,TOKYO,
Thing,ADVICE,D M P A
Thing,OPINION,B D P O
Thing,BANJO,D C G A
Place,SICILY,C M B O
Thing,UNIFORM,D Y C O
Thing,TOW TRUCK,H P B O
Thing,AWARD,H P C O
Place,COUNTY,C G M O
Thing,WAFER,M C G A
Phrase,BUYING TIME,C M D A
Thing,JARGON,D C K O
Phrase,CUT IN HALF,C M D A
Event,CHILDBIRTH,C D P O
Thing,CREAM PUFF,C D P A 
Thing,HIPBONE,D C G O
Thing,FILLY,C D Y A
Thing,OLIVE,C P M O
Phrase,WIDE-EYED,V B H A
Phrase,WALKING ON AIR,G M C O
People,FLIGHT CREW,D A M B
Thing,FORK,C F K O
Thing,GIRAFFE,
Thing,GUITAR,
Place,TAHITI,
Phrase,HANG TOUGH,
Phrase,I'M BOOKED UP,
Thing,BAG OF ICE,
Thing,WINDSHIELD,
Thing,HAIRDO,P D C O
Thing,MORTGAGE,
Place,VIRGINIA,
Thing,BUCKET,
Phrase,MAKE A CHOICE,
Thing,BABOON,
Thing,HOUR,
Phrase,FLIP A COIN,
Things,TWIGS,
Place,DUNGEON,
Thing,DAB OF JELLY,
Thing,BATHTUB,
Thing,EGG YOLK,
Thing,PILLOWCASE,
Thing,HAIRCUT,
Thing,PADLOCK,F D M A
Person,SAXOPHONIST,D F H A
Thing,FONDUE,P H M A
Thing,JEAN JACKET,
Place,FISHPOND,M P H A
Living Things,PUPPIES,
Fictional Character,THE JOKER,H J K O
On the Map,TRIPOLI,? ? P I
Person,A DUKE,P H M I
Phrase,HIP HIP HOORAY,C M P O
Event,A BAKE-OFF,C D M I
Phrase,I FIGURED,C M G A
Phrase,I GOT A JOB,G D M A
Proper Name,KOBE BRYANT,B D M O
Around the House,A FRUIT JAR,D C M A
Phrase,YOU'RE WITTY,B Y P O
Phrase,HAVE FAITH,F C D A
On the Map,KEY BISCAYNE,C D H A
Proper Name,JON VOIGHT,D C M A
Things,SOAP BUBBLES,M P D I
People,HOCKEY FANS,C D M A
Proper Name,ELIJAH WOOD,
Thing,A GOLF BAG,
Phrase,JUST FOR KICKS,J F K I
Thing,SHAVED ICE,P C M I
Thing,SHAVING KIT,D G H O
Person,SAFARI GUIDE,? ? ? A
Phrase,PROFITS ARE UP,
Living Things,HAWKS,F G K O
Event,NODDING OFF,
Person,A SPOKESMAN,M B A C
Things,CHIVES,C D M A
Things,PAPAYAS,C D M A
Rhyme Time,FINE WINE,? F W I
Thing,PUNCH BOWL,G D C A
People,COWBOYS,
Living Things,HUSKIES,K B P O
On the Map,BOLIVIA,B D P A
Place,SKI JUMP,
Phrase,ROUGHING IT,M D C O
Thing,A BRIDGE,C D M A
Place,THRIFT SHOP,C D H A
Phrase,WAKE UP,M P D I
Thing,CORKBOARD,
Things,CHICKEN FAJITAS,C M H O
Things,AUDIO & VIDEO,
Things,THIGHS,C D M A
Event,SCRUBBING,P G B I
Thing,A BIKINI,? ? K I
Thing,BAG OF FLOUR,K M F O
Thing,A GAG GIFT,
Phrase,A FAIR SHAKE,
Thing,BEAR HUG,
Around the House,WORKBENCH,D M C O
Place,CAMPGROUND,D M C A
On the Map,PARAGUAY,M C D O
Person,SHIPMATE,C G P A
Event,FROWNING,
Thing,CHEWING GUM,C G M A?
Living Thing,GIRAFFE,
Phrase,WAIT IT OUT,A B C D
Occupation,BOOKKEEPER,C P M O
Phrase,PLUG IT IN,
Place,OFFSTAGE,
Things,HIGH HOPES,C D M A
Living Thing,PEACOCK,
Thing,THICK FOG,? ? C A
Things,HEIGHT & WEIGHT,
Phrase,YOU'VE GOT SPUNK,W H P O
On the Map,SHANGHAI,H P M I
Thing,THE GOODYEAR BLIMP,
Thing,STAMP OF APPROVAL,
Thing,PLAYBOOK,
On the Map,LUBBOCK,A D M P
People,CHAMPIONS,
On the Map,WICHITA,M C D A
Living Thing,DRAGONFLY,M P Y A
Phrase,I'M NOT BUDGING,C D G I
Thing,SKETCHPAD,
Person,BODYGUARD,
On the Map,WINNIPEG,P C H I
Things,PLAID PAJAMAS,G K C O
Living Thing,BLACKBIRD,B D H I
Thing,CURFEW,C H M A
Thing,HOMEWORK,Y K M A
Phrase,ABOVE AND BEYOND,? ? D A
Thing,YEARBOOK,C D M O
Around the House,BATHROBE,
Thing,SNOWPLOW,P M W O
Living Things,WOODCHUCKS,
Phrase,HOLD THE MAYO,? H M A
Things,FORK & KNIFE,F P M I
Thing,FOGHORN,B G H O
Phrase,WE HIT IT OFF,
Phrase,PUPPY LOVE,
Living Things,SHRUBS,
Thing,WIDOW'S PEAK,
Person,BOOKWORM,C M F A
Phrase,TWO OF A KIND,
Thing,DRAWBRIDGE,
Things,PARKA & GLOVES,
Fictional Characters,PLUTO & GOOFY,
Phrase,TAKE A BOW,? ? ? A
Event,WALKING THE DOG,
Thing,CROWBAR,
Phrase,MAKING WAVES,
Things,PIANO KEYS,
Occupation,BROKER,? ? ? O
Things,CHUBBY CHEEKS,C H M A
Around the House,DOORKNOB,? D B ?
Thing,CHURCH HYMN,
Phrase,FULL OF MISCHIEF,
Thing,BEAUTY MARK,
Phrase,SHRINK-WRAPPED,
Thing,TAPIOCA PUDDING,C D P A
Place,BABY'S ROOM,
Fictional Characters,GUMBY & POKEY,D G M A
Thing,KEYBOARD,C D M A
Things,HUBCAPS,B G P A
On the Map,HAMBURG,C M D I
Phrase,PIPING HOT,? P G I
Phrase,GIVE ME FIVE,B M P I
Things,FAVORS,B C D A
Phrase,HEAVY-DUTY,
Living Thing,COUGAR,
On the Map,BANGKOK,? ? ? A
Phrase,LOOK SHARP,
Living Thing,FLYING FISH,
Event,VICTORY LAP,? ? P O
Thing,SCRAPBOOK,
On the Map,CAMBRIDGE,
People,GOLF BUDDIES,D P H O
Around the House,HUMIDIFIER,
Phrase,ALL CHOKED UP,
Thing,PAPRIKA,
Phrase,PLAYING A HUNCH,
Event,HAILING A TAXI,
Around the House,COUGH SYRUP,
Occupation,JOCKEY,M D H O
Proper Name,KEVIN SPACEY,M G C A
Occupation,BIOGRAPHER,
Thing,HOT APPETIZER,
Around the House,MAHOGANY DESK,C H M A
Phrase,LIVING PROOF,G P M O
Living Things,GOLDEN POPPIES,H C D O
Person,CIVILIAN,
Place,PHARMACY,C P M A
Thing,RIPE SQUASH,
Thing,SHINY BUGLE,
Thing,RAINBOW,? ? ? A
Thing,CASHEW,
Things,BICEPS,
Phrase,ENJOY THE SHOW,W H C O
Phrase,CAMERA-SHY,
On the Map,WYOMING,
Phrase,LAUGH IT UP,B C V I
Things,POWER WINDOWS,G W D O
Place,CABBAGE PATCH,
Things,FOOD CRAVINGS,
Phrase,I'M IN A FIX,
Things,HELPFUL HINTS,M D C I
Person,CHATTERBOX,
Phrase,PICK UP THE PACE,
Thing,PIZZA PAN,
Phrase,LOOK BOTH WAYS,H D C A
Things,PARTY FAVORS,
On the Map,TOKYO,
Occupation,COURT BAILIFF,
Phrase,BUYING IN BULK,
Phrase,I GOT PAID,H D F A
Phrase,A PASSING FANCY,G C P A
On the Map,ALBANY,
Phrase,I'M BUSY,B P M I
Phrase,QUICK AS A WINK,? ? ? I
Thing,PATIO AWNING,
Things,GIMMICKS,
Event,BARGAIN SHOPPING,? G H I
Phrase,BREAK THE BANK,? ? ? A
Phrase,IT'S PAYDAY,
Around the House,HIDEAWAY BED,D C B O
Thing,YARDSTICK,P C D O
Event,CHOPPING WOOD,
Thing,GLOBE,
Phrase,MAKE A CHOICE,
Around the House,BABY WIPES,
Phrase,IT'S UP TO YOU,
Thing,KICKSTAND,
Thing,A GAME OF BINGO,
Things,CLIFFS,
Phrase,IT'S BAFFLING,
Event,PAYING BILLS,C P D I
Things,HICCUPS,M P F O
Around the House,SCOURING PAD,
Person,BICYCLIST,C P D O
Event,CLOUDY DAY,
Event,PLAYING A PRANK,P D G A
Phrase,HOPPING MAD,
Things,COBWEBS,
Thing,PITCHFORK,
Things,HOME MOVIES,C D M A
Event,BAKING A CAKE,M D C A
Phrase,DEAR DIARY,D M F A
Phrase,LOADS OF FUN,M B F A
Thing,CAB FARE,M D F A
Thing,CHILI SAUCE,M H D I
Things,GARBANZO BEANS,
Phrase,HIGH AND MIGHTY,
Fictional Character,PAPA SMURF,P M D A
Phrase,PIECE OF MIND,P M D I
Thing,SCOREBOARD,P C B A
Phrase,GOING BY THE BOOK,G C H I
Phrase,AS I WAS SAYING,
Things,LUGGAGE TAGS,C P M A
Around the House,SHOWER THONGS,
Thing,PLAYPEN,
Thing,FLAGPOLE,
Phrase,COME WHAT MAY,C D M O
Place,BOAT DOCK,
Phrase,A WAY WITH WORDS,
Fictional Character,GOLDILOCKS, 
Living Thing,FRISKY CAT, 
Living Thing,THE FAMILY DOG,H P C O
Things,ADJECTIVES, 
Person,PUBLIC SPEAKER,C D M A
Things,BREAD CRUMBS, 
Phrase,HOW IRONIC, 
On the Map,KITTY HAWK,
Phrase,EBB AND FLOW,
Phrase,FORGING AHEAD, 
Person,FOREIGN DIGNITARY,C D H O
Around the House,MIXING BOWL,G C M O
Event,SINGING OFF-KEY,C D P O
Place,ORANGE GROVE,C D M A 
Thing,FROZEN FOOD,
Thing,WINDOW DISPLAY,C D K A
Phrase,GOOD-HUMORED,? ? D ?
Thing,TOBOGGAN,? ? G O
On the Map,ROANOKE, 
Things,CANDIED YAMS,P H G I
Phrase,PAYING YOUR DUES,G P W O
Event,DRIVING TO WORK,Y G C I
Fictional Character,MAID MARIAN,
Phrase,KICK THE HABIT, 
Proper Name,GOLDIE HAWN,C D I B
Thing,HIGHWAY SIGN,P C H O
Fictional Characters,BAMBI & THUMPER,C D M O
Thing,BOWLING PIN,G P M A
Around The House,BUG SPRAY,C D M A
Phrase,GO FOR BROKE,D P F O
Fictional Character,RAGGEDY ANDY,C P M O
Thing,GRACE PERIOD,G C D O
Phrase,UP FOR GRABS,G C D O
People,BOBSLED TEAM, 
On The Map,NOVA SCOTIA, 
On The Map,WAIKIKI BEACH, 
Thing,PASSAGEWAY,M P K A
Thing,BOOKMARK, 
Fictional Character,FONZIE, 
On The Map,PIKES PEAK, 
Phrase,MIX AND MATCH,C D M A
Phrase,MACHINE WASHABLE,C P M I
Phrase,BACK TO BASICS,C P M A
Thing,HARMONICA, 
Thing,AIR PURIFIER,C D M I
Thing,CUBBYHOLE,P D M O
Thing,PAPERWORK,C M P I
Living Things,FOXES,C D B O
People,ROWDY CROWD,M D P O
Phrase,A NEW JOB,G D C A
Thing,AN OCEAN VIEW,C P G A
Phrase,MAYBE SOMEDAY,C D M A
People,HUBBIES, 
Person,AN OLD SOFTY, 
Thing,A CLEAN SHAVE,C H V A
People,VIRGOS,C D M I
Thing,HIPBONE,C H M A
Event,DAYBREAK,K W D O
Phrase,MAKING HEADWAY,M G D I
Things,ROUGH ROADS,M G D A
Thing,CARGO SHIP,D M H A
Thing,HONEY,M C P O
Person,HOCKEY GOALIE,D C H A
Phrase,I GOOFED,C B H I
Thing,CHEWY CANDY, 
Thing,A NIFTY IDEA,H C M O
Person,HIKER,P M C? O
Things,HIGHWAYS, 
Phrase,A GUTSY MOVE, 
Place,BOROUGH,P M C A
Things,FUJI APPLES,C M D A
Person,A HEAVY HITTER,C D P A
Phrase,RICH IN FLAVOR,H C D O
Phrase,ALL PAID UP,P K D A
On The Menu,CHUNKY SOUP,C H G A
Event,A GROUP HUG,D M P A
Phrase,A SHOW OF HANDS,C M H A
Thing,GROCERY BAG,C P Y O
Person,BANJO PLAYER,? ? ? A
Living Thing,JAGUAR,? ? G ?
Phrase,A WORK OF GENIUS,C D B A
Thing,VEHICLE,H D G A
Things,GUAVAS,G P D A
Phrase,SHAKE IT OFF,C D G A
Thing,WIND-UP TOY, 
Thing,A GOOD VALUE,A C D M
Event,DAILY WORKOUT,D C B A
Living Thing,VIPER,B C D O
Event,JOB FAIR,H C M U
Event,SQUEAKING BY,P M G I
Fictional Character,MARY POPPINS, 
Person,TROPHY MAKER,C B M A
Phrase,YOU HAVE TO FOCUS, 
Event,GAME OF CROQUET,F M P O
Things,MYTHS,B H M A
Title,VOGUE,C D P A
Phrase,BUYING POWER,G D H A
Thing,HANDBOOK,F P M I
Place,JURY BOX,P D G I
Thing,A GOOD LAUGH,M F K A
Phrase,COMFY AND COZY,D P Y A
Thing,FIBER,M P G I
Thing,BRONZE BUST,? ? B O
Phrase,PRY IT OPEN,C M G A?
On The Map,GLASGOW,D C B A
Phrase,A FRIENDLY WAGER,C M P A
Event,A BAD HAIR DAY,D G P A
Phrase,PROOF POSITIVE,F P G O
On The Map,BULGARIA,P C D A
Phrase,STAYING POWER,D P Y O
Phrase,JOG MY MEMORY,H M C I
Classic TV,MORK FROM ORK,C M G A
Phrase,I'M PROUD OF YOU,M D F O
Around the House,CHAFING DISH,G M D I
Thing,A HAPPY FACE,C D M A
Thing,OFFICE GOSSIP,K M C A
Phrase,A MIGHTY GOOD TIME,M D C A
Phrase,I'M WIPED OUT,D G C U
Living Thing,BABOON,P C F O
Thing,VOCABULARY,D M H I
Living Thing,WILD BOAR,D B M I
Phrase,MY GIFT TO YOU,O P D H
Thing,DIALOGUE,D C P O
Thing,PAJAMA TOP,D G M O
Thing,A FIRM GRASP,
On the Menu,CHOP SUEY,D B C I
Living Thing,KODIAK BEAR,H C D A
Things,BOX TOPS,? ? P A
Show Biz,MOVIE PREVIEW,B C H A
Thing,FLAKY CRUST,C B F I
Around The House,WHISK BROOM,C P D O
Person,HISTORY BUFF,M Y C A
Phrase,IN A FOG,? ? ? I
Phrase,BOILING POINT,G D F I
Phrase,IT'S NO JOKE,P M C O
Thing,BOOK JACKET,C D G A
Things,RADIO WAVES,H O D P
Phrase,GO HOG WILD,F D C O
On the Menu,FIREHOUSE CHILI,B C H A
Thing,GUITAR PICK,B D W A
Thing,GUESSWORK,C H D I
Phrase,LOOKING SPIFFY,D M B U
Thing,WAX FRUIT,? ? ? A
Person,BIG TIPPER,
Around the House,COUGH DROPS,P G C O
Person,MATH WHIZ,B M K O
Phrase,BY THE WAY,B Y W A
Thing,GOLF CAP,G B M A
Phrase,FEVER PITCH,C G M A
People,A YOUTH GROUP,C D M A
On the Map,BEIJING,W M D O
Place,WEIGH STATION,M D H A
Phrase,PICKING UP THE CHECK,G P F I
Around the House,BROWNIE MIX,
Thing,PLAID KILT,
Things,FOGGY DAYS,D C M A
Thing,GLACIER,C D P A
Fun & Games,KING ME,D M P O
Phrase,WALKING A TIGHTROPE,G P C A
Person,BODYBUILDER,D C M A
Place,A WINDY BLUFF,D C P A
Phrase,WISHY-WASHY,M D C I
Around the House,VIDEO GAMES,M P D O
Thing,BATH FAUCET,B C K A?
Phrase,THINK OUTSIDE THE BOX,C D M I
Living Thing,KING COBRA,P M D A
Phrase,LUCKY STIFF,C D P A
Thing,TAX BREAK,M D P O
Fun & Games,LEAPFROG,C H M A
Around the House,COOKIE DOUGH,M D G A
Around the House,CARVING KNIFE,D M P I
Thing,HAYSTACK,C B H A
Place,EGYPTIAN TOMB,M D P O
Fictional Character,WIZARD,C M D A
Around the House,ALMOND JOY,G C B A
On the Map,PROVO UTAH,B C W O
Phrase,UPSY-DAISY,C D H A
Phrase,HIGH VOLTAGE,C D P I
Phrase,QUITE A SHOCK,
On the Menu,WHOPPER,C D P A
Phrase,THINK BACK,C M G A
Thing,A JAR OF BABY FOOD,C D M O
Place,WHARF,B D G A
Place,HOBBY SHOP,C H P A
Phrase,REMAIN CALM,D M B A
Fictional Character,ROCKY BALBOA,B P D O
Title,THE VIEW,G H C I
Song Lyrics,WHEN THE BOUGH BREAKS,H C W I
Thing,VISA CARD,? ? C A
Phrase,IN A JIFFY,C H A M
Thing,JACKKNIFE,C A H M
Landmark,FENWAY PARK,A D C P
Fun & Games,HOPSCOTCH,H P D O
Phrase,UP IN SMOKE,D M C A
Phrase,BY AND LARGE,D M P I
Phrase,ON A WHIM,C H M I
Person,FOLK HERO,C D P I
Place,A BUSY THOROUGHFARE,F G K A
Event,BASKET WEAVING,C D M A
Thing,COLORING BOOK,G D M I
Phrase,OFF WE GO,B D P A
Phrase,WISHFUL THINKING,M G C A
Living Thing,CARIBOU,H K W O
Occupation,CHIMNEY SWEEP,C D M I
Event,BLIZZARD,C H M A
Proper Name,TOBEY MAGUIRE,P D M A
Thing,KEEPSAKE,P K M A
Phrase,A HAPPY MEDIUM,P M C A
Phrase,PIPE DOWN,C M P A
Phrase,HEALTH KICK,C M P O
People,THE FOLKS BACK HOME,C H M A
Thing,YULE LOG,G C M I
People,CHOIRBOYS,C F P A
Thing,FRUITCAKE,C D H I
Thing,SKI PARKA,
Thing,DOOR PRIZE,C D M A
Thing,GOODIE BAG,C M P A
On the Map,SHANGHAI,C M P A?
Phrase,MAKE A WISH,C H D O
Thing,HIGH SCHOOL DIPLOMA,M K B A
Phrase,OUT OF BOUNDS,D G M O
Phrase,WALK IT OFF,C D M O
Thing,BLITZ,B F C I
Thing,GRIDIRON,C M B A
Thing,MOUTHGUARD,D W C A
Phrase,UP UP AND AWAY,C D M A
Event,VOYAGE,M P D A
Phrase,IN FINE FORM,F M C I
Phrase,OFF-ROAD,M D H I
Phrase,THINK BIG,C H P I
Phrase,COOKING WITH GAS,H C P I
Fun & Games,BINGO CARD,D M A H
Phrase,PRIDE & JOY,C M H O
Thing,PASSWORD,U M P C
Thing,HOMESPUN WISDOM,C M D I
Place,HOCKEY RINK,G C M I
Phrase,AW SHUCKS,M C D I
Place,BOX OFFICE,P C D O
Thing,EXHIBIT A,C D F I
Title,SEABISCUIT,C H P A
Place,MILKY WAY GALAXY,Y P D A
Thing,YEARBOOK PHOTO,C M B A
Thing,BIKE RACK,D F H I
Around the House,FLIP-FLOPS,C G P O
Thing,FAX NUMBER,H C D A
Thing,COURTSHIP,D G H A
Phrase,BOY-CRAZY,C M P A
Phrase,HOT & HEAVY,D C M A
Person,A REAL HUNK,A G K H
Title,I GOT YOU BABE,H M D A
Proper Name,GEORGE LOPEZ,D M P I
Thing,TUXEDO JACKET,C D M A
Person,LUCKY DOG,C M P A
Things,CORNY JOKES,C D M A
Phrase,QUALITY TIME,D M G I
Thing,JUMBO JET,C D M A
Thing,CABBAGE,C M P A
Around the House,PIGGY BANK,D C M I
Phrase,HOG HEAVEN,D M P A
Phrase,IN THE BLACK,H C P O
Around the House,VINEGAR,M D P O
Phrase,FOOD FOR THOUGHT,F H G O
Thing,PROVERB,C G F I
On the Map,HALIFAX,M C D A
Living Thing,GIRAFFE,M C D O
Around the House,GRAVY BOAT,F P D I
Thing,VIOLIN,D M H O
Phrase,FOGGED IN,D H P I
Event,KAYAKING,B M G I
Phrase,WIDE LOAD,M C D O
Thing,COURAGE,C D M O
Title,JUDGE JUDY,C D G A
Things,RUBIES,D C P I
Things,TWIGS,P D M O
Phrase,VIM AND VIGOR,? ? ? I
Thing,HONEYCOMB,M C H A
Thing,BLIMP,C P D O
Thing,SUBWAY,M P D A
Person,A TOUGH COOKIE,M C D I
Thing,JUICY GOSSIP,P D H I
Event,WIPEOUT,C P M O
On the Menu,MUFFIN,C W M I
People,BEACH BUMS,C H M A
On the Map,TAIWAN,
Fun & Games,GO FISH,K H D I
Around the House,FUSE BOX,C M P A
Place,LOBBY BAR,B G D O
Show Biz,THE BEACH BOYS,H D M O
Phrase,TOUCH AND GO,D B H U
Thing,WINDBREAKER,D M C O
Fun & Games,JUNGLE GYM,M D C I
Thing,WISHBONE,H B D I
Thing,TAFFY,M C D A
Place,PIZZA JOINT,C D G O
Event,BAKE-OFF,H C P A
Fictional Character,BAZOOKA JOE,P H D A
Phrase,FORTY WINKS,H M B O
Thing,AIR GAUGE,
Phrase,IN GOOD FAITH,H M D O
On the Map,LUBBOCK,G H P I
Around the House,HEINZ KETCHUP,G H P A
Thing,PRIVACY,C K G A
Event,GIVING BIRTH,A Y P D
Phrase,TAKE FIVE,C M P A
Thing,A BIG FAVOR,C D M O
Thing,TUGBOAT,M D P O
Living Thing,GRIZZLY CUB,C M P O
On the Map,GARY INDIANA,M P C A
Around the House,WORKBENCH,F C P U
Phrase,KID STUFF,C D M A
Event,BOOK FAIR,C M Y A
Title,TV GUIDE,D B H A
Thing,A GOOD OMEN,B D M A
Phrase,HEAVY-DUTY,H M D A
Event,WILD GOOSE CHASE,H C D O
Thing,GRAVITY,C M H A
Things,HIKING BOOTS,G D P I
Thing,KEYBOARD,C D M A
People,HAWAIIANS,C M P A
Living Thing,DAFFODIL,M P D O
Fictional Character,HEIDI,M P H A
Place,BIKE PATH,D M C A
Phrase,KEEPING BUSY,P M C I
Phrase,A BLAZE OF GLORY,B O P C
Living Thing,FAWN,
Proper Name,JEFF BRIDGES,B M D A
Place,FRAME SHOP,C P F O
Things,CUFF LINKS,G P D O
Thing,WAGON,C H K I
Phrase,GONE HAYWIRE,F C H I
Thing,WOOD GLUE,G M C O
Thing,BALL GOWN,C D M O
Phrase,YAKETY-YAK,C B M A
Things,DIGITS,C M D A
Thing,FORKLIFT,D W C A
Phrase,HALF-BAKED,C H P O
Thing,IVORY SOAP,K M W O
Thing,WEB BROWSER,C M B O
Thing,BALE OF HAY,H M P A
Thing,MUGGY WEATHER,C M P A
Thing,A GULF,C M D A
Thing,BRAVERY,B C D A
Fun & Games,KICKBOXING,W P G I
Thing,TEXTBOOK,C H P I
Phrase,HUNKY-DORY,D M P I
Thing,TAXI FARE,M D I P
Phrase,FORGIVE ME,B C M A
Phrase,HIGH IN FIBER,M D P O
Thing,MOVING VAN,D B G A
Phrase,WIDE-AWAKE,G M B A
Phrase,MAKE-BELIEVE,B M C A
Person,BUSYBODY,C M P O
Thing,CORKBOARD,D C B O
Fun & Games,CRAZY EIGHTS,C D M A
Thing,GOOD JUDGMENT,C D G A
Person,MOVIE BUFF,H M F I
Phrase,THE GLOVES ARE OFF,F C D A
Event,JOB-HUNTING,H D G O
Living Things,BEGONIAS,C D B O
Living Thing,SKUNK,B P G O
Phrase,ROOM & BOARD,P G C A
On the Menu,BIG GULP,C D M O
Thing,FALL FOLIAGE,C M P O
Thing,PHILOSOPHY,P H G A
Thing,BIKE LOCK,B D G O
Person,UNSUNG HERO,C D A P
Phrase,FOUL TROUBLE,D C M I
Things,GYM SOCKS,C M P A
Phrase,HOT HAND,G B D O
Things,JUMPING JACKS,D M H O
Thing,PIZZA OVEN,D H P O
Living Thing,HALIBUT,M D P A
On the Menu,CHOW MEIN,D H B A
Phrase,FULL-FLAVORED,C D G A
Things,HUNGER PANGS,C D M I
Event,BIG BASH,H P D I
Thing,HUMIDITY,M D B O
On the Menu,PEACH DAIQUIRI,C M H A
Phrase,A LAUGH RIOT,C D P A
Event,TAKING A WEEK OFF,G D P A
Fictional Character,BUZZ LIGHTYEAR,P A M D
Thing,KEY CHAIN,P M D A
Thing,GOLDFISH BOWL,A D M P
Phrase,GROW UP,M P D O
Thing,BIOLOGY,C G A P
Thing,FOLK TALE,C D H I
Phrase,I'M DRAWING A BLANK,D C H O
Around the House,MAKEUP BRUSH,H M F O
Thing,PLYWOOD,H C G A
Best Seller,JOY OF COOKING,D H M I
Thing,HORIZON,F H P O
Living Thing,WATCHDOG,D C M O
Title,VANITY FAIR,H Y C A
On the Map,BURBANK,D P F I
Show Biz,JUGGLER,D C G U
Phrase,ZOOM IN,I C P M
Phrase,HANG BACK,K D P I
Around the House,OAK BUREAU,C D G A
Things,SKI GOGGLES,K C G I
Phrase,THINK FAST,H K F A
Phrase,HUNKER DOWN,B G M A
Phrase,IN FULL SWING,C M P I
Phrase,POINT OF VIEW,M H P A
Place,BOUTIQUE,M D P I
Rhyme Time,HODGEPODGE,C M P A
Place,BUNGALOW,D P M A
Phrase,WAVE THE FLAG,H M B A
Living Thing,BABY'S BREATH,G D M A
Phrase,GIVE ME A HINT,M C P A
Person,HOMEBODY,C M P A
Phrase,A GREAT BUY,G C M A
Phrase,WEARING TWO HATS,D G P O
Living Thing,HEIFER,B C D A
Thing,PAY STUB,M D B A
Phrase,AHEAD OF THE CURVE,D M B A
On the Menu,RHUBARB PIE,P G M I?
Phrase,I'VE GOT A HUNCH,G M C O
Phrase,WORTH THE RISK,P H Y U
Occupation,FRY COOK,P C W I
Thing,CURFEW,C D M A
Thing,A GUST OF WIND,B G H A
People,PEP SQUAD,D C B I
Thing,BEAR HUG,G F C A
Around the House,PHOTO ALBUM,H P C O
Living Thing,HOUSEFLY,C D G A
Phrase,FLAG ON THE PLAY,H C P A
Things,BRAINS AND BRAWN,B C P A
Thing,OLD RIVALRY,D V M O
Phrase,SQUARING OFF,G K C A
Things,BANDAGES,P C D A
In the Kitchen,HAND MIXER,C D P I
Phrase,I'M FLEXIBLE,M P D I
Phrase,JUST WING IT,G P D O
Thing,KNOWLEDGE,P V C I
Phrase,A BRIGHT FUTURE,M D P O
Thing,RISKY MOVE,D M H A
Phrase,BUNDLE OF JOY,C M D O
Phrase,LAUGH IT OFF,M H D A
Phrase,I APOLOGIZE,C D H A
Fun & Games,MIXED DOUBLES,D F M A
Thing,PATIO COVER,M C H A
Phrase,A HEALTHY GLOW,M P Y O
Living Thing,FLAMINGO,D C H A
In the Kitchen,JUICE BOX,H C M O
Thing,A SKIMPY BIKINI,D G M I
Person,BIRTHDAY BOY,B G M O
Classic TV,MIAMI VICE,I C P D
Phrase,WALK THE PLANK,H D G O
Phrase,A FAIR SHAKE,F G C A
Things,HOURLY WAGES,G C M O
Thing,GROUP HUG,C P G A
Thing,KNOW-HOW,D M P O
Thing,MOVIE TRIVIA,H D M A
On the Map,DUBUQUE IOWA,P M C A
Phrase,I MISJUDGED YOU,D B M A
Phrase,MAKING A FUSS,P M K A
Person,SIBLING,C D M O
On The Map,TAHITI,M B D A
Thing,COPYRIGHT,D C P A
Phrase,FORCE OF HABIT,C H D A
Phrase,MAKING WAVES,G D C I
Phrase,ON MY BEHALF,M D C I
Phrase,PAVING THE WAY,M K D I
Thing,SYMPHONY,C D K I
Things,GOLD COINS,B D M O
On the Map,PUEBLO,D B M O
Phrase,GOING DUTCH,D M C A
Phrase,IN THE GROOVE,H C G I
Rhyme Time,SKY-HIGH,B D M A
Event,MATH QUIZ,H M G O
Phrase,FLUFF AND FOLD,D C B A
Event,GIVING BLOOD,K Y C O
Things,HOUSEHOLD CHORES,H C D O
On The Map,KUWAIT,D C M I
Thing,YOUNG LOVE,C K M A
Phrase,JUST FOCUS,M P C U
Event,BLOWING A FUSE,H G I C
Phrase,BODY LANGUAGE,G B M I
Thing,FISHHOOK,C D H O
Show Biz,JAZZ GUITAR,A C D M
Things,VALUABLES,M D G A
On the Map,BOLIVIA,M D P A
Living Thing,BULLFROG,D M C O
Phrase,I GAVE MY WORD,H C M I
Around The House,DOOR HINGE,D C H O
Thing,HEAVY WORKLOAD,D M B A
Phrase,A GOOD FIT,C H W A
Phrase,BRIEF ME,B M K A
Things,HOBBIES,P D C O
Phrase,QUITE A JOLT,C G M A
Person,CIVIL WAR BUFF,F D C A
Fictional Characters,GOOFY & PLUTO,P C D O
Phrase,HIGH MARKS,B C D I
Phrase,THICK AND JUICY,D G M O
Thing,BUBBLE WRAP,M D A C
Thing,TOUGH BREAK,H C P A
Phrase,HALF-OFF,B M C A
Phrase,DON'T GIVE UP,D P M O
Event,HAVING A BABY,G C D I
Phrase,JOIN HANDS,D P M A
Phrase,NO EASY FIX,O Y C D
Phrase,I BEG TO DIFFER,O M D H
In the Kitchen,BAKING DISH,D C B A
Phrase,JUMBO-SIZE,H C D O
Place,YOGA STUDIO,C D G O
Phrase,BACK IN A FLASH,C G M A
Thing,PLUMBING,B H M O
Place,BIKE SHOP,P M C A
Thing,FEAR OF HEIGHTS,P C H O
Things,HAZY SKIES,H M C O
People,YOUNG HIP CROWD,M G F A
Thing,A QUICK BITE,C K M A
Person,DOG SHOW JUDGE,C W D I
Thing,NIGHT JOB,G H O D
Fun & Games,JACK OF CLUBS,C G M A
Things,JOB SKILLS,K D C U
Thing,INSIGNIA,P G D A
People,YOUTH CHORUS,C H M A
On the Map,MOUNT FUJI,C D M A
Thing,HOUSEWORK,D M G O
Phrase,GOING HALFWAY,D M H O
Phrase,A MIXED BAG,D M C I
Thing,WAVY HAIR,C D P A
Thing,PUBLICITY,H C B A
Phrase,BY DESIGN,D M P I
Things,BIG PROFITS,C M P O
Phrase,EBB AND FLOW,D B G A
On the Map,WICHITA,M G P A
Person,TOUGH GUY,D H M A
Thing,FUEL GAUGE,C D M O
Phrase,HAVE FAITH,B D M O
Place,ORANGE GROVE,P C M O
Person,QUICK STUDY,M B J A
Event,MAKING A VOW,B C M A
Place,SUBURB,P M D A
Things,COWBOY BOOTS,C M H A
Living Thing,FICUS,C D M I
Place,THE FAIRWAY,C P M A
Thing,WAVE GOODBYE,C M D O
Thing,YARD WORK,D G M O
Phrase,TAKE A WHIFF,P C B A
Phrase,IT WAS A FLUKE,W C G I
Person,FUSSY BABY,C M G A
Thing,HINDSIGHT,C M D A
On the Map,SAGINAW,D Y P A
Fictional Characters,BASHFUL & DOPEY,H D M A
Thing,BLOOD TYPE,C G M A
Thing,GOLF VISOR,C H B I
Phrase,HEAVE-HO,B C D A
Phrase,WAFER-THIN,G B F O
People,OHIOANS,F M D A
Food & Drink,HOT WINGS,C B M A
Things,FIGURINES,I M F B
On The Map,HAMBURG,M P F O
Phrase,SHOCK VALUE,H F M I
Place,PUMPKIN PATCH,C D M A
Thing,QUICK PACE,M F P U
Phrase,SHOWING OFF,P G C A
Thing,BAD JOKE,A C M P
Things,COOL GADGETS,A M H C
Phrase,HOW LUCKY,D G M A
On the Map,URUGUAY,C D H A
Thing,VIVID DREAM,D M B A
Phrase,BOYISH CHARM,D H P I
Thing,JOB OFFER,G B D O
Things,GLAZED POTS,F P B O
Place,DUGOUT,M D P I
Event,JULY FOURTH,C D M A
Thing,BACK PAGE,H G B A
Thing,HUMILITY,M D G A
Thing,MAHOGANY DOOR,D M G O
Phrase,TOUGH BUT FAIR,C D M A
Phrase,GIVE ME A HUG,
Thing,JEALOUSY,
Thing,BRIEF OVERVIEW,C P M A
Phrase,WE GO WAY BACK,B C M A
On the Map,OSHKOSH,C H M A
Phrase,IN A HUFF,M H A D
Thing,VETO POWER,H M G A
Food & Drink,BROWN GRAVY,F D C A
Phrase,BEING COY,G D M I
Food & Drink,SMOKED GOUDA,H D C A
Event,THE LONG JUMP,C G D A
Phrase,HEAVEN FORBID,C D H A
Thing,FOOLISH PRIDE,P H B A
Phrase,WARM AND FUZZY,M B G O
Proper Name,GOLDIE HAWN,D G C O
Phrase,YOU'VE GROWN UP,
On the Map,HOBOKEN,D H C I
Phrase,VOUCH FOR ME,M P D O
Phrase,TWO OF A KIND,G M D A
Things,WOOL GLOVES,B D C U
Phrase,CRYING WOLF,M P D O
Thing,FUN HOBBY,D G P O
Living Thing,HEDGEHOG,C D M I
Phrase,HOT AND HUMID,C M B A
Phrase,WORD OF MOUTH,M F G O
Thing,A TIGHT GRIP,C M O D
Thing,FAMILY BUDGET,M J H O
Song Lyrics,I DID IT MY WAY,C D P O
Food & Drink,CHABLIS,C D P A
Things,HIGH HOPES,C H M O
On the Map,IOWA CITY,
Thing,DUNE BUGGY,P C M O
Food & Drink,FUDGE CAKE,B C D A
Phrase,I APPROVE,M H C A
Event,BUYING BOOKS,B D M A
Thing,A BIG HINT,G D M A
Event,HUGE OVATION,C D G A
Thing,KEYPAD,C D M O
Thing,SOLID ALIBI,D M C A
Phrase,GIVE ME A BREAK,B C M O
On the Map,PARK CITY UTAH,P W M O
Thing,BEIGE JACKET,C B F A
Things,FLEXIBLE HOURS,M B D A
Thing,MAILBOX,M H P A
Phrase,WIT & WISDOM,C P M O
Phrase,LOOK SHARP,D M P A
Phrase,POKING FUN,M C D I
Phrase,BADGE OF HONOR,D H P A
Phrase,WORK OUT THE KINKS,M D C O
Phrase,GOOD POINT,C M D A
Food & Drink,CRISPY BACON,P C W O
Phrase,DEAD GIVEAWAY,D M G I
Person,GOURMET COOK,C D H A
Thing,BABY SHAMPOO,
Phrase,SHOW ME HOW,
Food & Drink,GRAPE JUICE,G P M A
Thing,VOLUME KNOB,P C M A
Event,FOOD FIGHT,P M C A
Thing,OFFBEAT HUMOR,C P M A
Event,BLOWING A KISS,P G C A
Thing,FLAGPOLE,
Things,PIANO KEYS,
Phrase,I GOT MY WISH,F H C A
Living Thing,SAGEBRUSH,C H M A
Thing,TANGY FLAVOR,C M P A
Phrase,TOUGH IT OUT,
People,BRAZILIANS,C B K A
Phrase,NOTIFY ME,M G C O
Phrase,YOU BE THE JUDGE,H B M A
Person,HOCKEY FAN,M H C O
Food & Drink,PAPRIKA,G H M O
Thing,BUSHY BEARD,C M P A
Things,FOREIGN WORDS,M P C A
Things,FOG AND MIST,D I M P
Phrase,JUMPING FOR JOY,G D M I
Place,BINGO HALL,
Thing,BLANK PAGE,C M P A
Things,SKI BOOTS,C M D O
Thing,PAPERWORK,D M P A
Phrase,IN VOGUE,M P D I
Phrase,PAYING DUES,C G M A
Phrase,HIGHLY ORGANIZED,C M H A
Place,CITY BLOCK,H P C A
Phrase,REVVING UP,
Thing,GEOGRAPHY,G P M A
Thing,FOGHORN,H P C A
Phrase,I'M OVERJOYED,
Phrase,BAKED OR FRIED,D B M O
Things,CHUBBY CHEEKS,P M F O
Event,DOZING OFF,B C G A
Thing,POLICE UNIFORM,C M P A
Thing,WIGGLE ROOM,C D M A
Thing,BUSYWORK,D M P O
Person,PLAYWRIGHT,
On the Map,DULUTH,Y M C A
Food & Drink,DRIED FIGS,D B M I
Thing,POCKETBOOK,C H M O
Thing,NIFTY IDEA,C H D O
Things,PERKS OF THE JOB,D F H O
Phrase,WORDS FAIL ME,B M P A
Phrase,HIGH TIME,
Phrase,NOBODY KNOWS,C D M I
Phrase,PIPING HOT,
Thing,HEAVY TRAFFIC,
Phrase,LIVING PROOF,C M D A
Things,CHOICE WORDS,P D M A
Things,FAIR WAGES,P C D O
Person,BIOGRAPHER,C D M I
On the Map,KITTY HAWK,M C P O
Phrase,OBEY THE LAW,D C M I
Phrase,BACK AND FORTH,M D P A
Phrase,HUMBLE PIE,C D P A
Phrase,DON'T QUIT,D P M A
Person,THE BIG BOSS,B G P O
In the Kitchen,BACKSPLASH,
Things,FUN FACTS,F D P A
Phrase,LUCKY YOU,D P M O
Phrase,I'M HUNGRY,B D Y I
Phrase,BUYING IN BULK,M G D O
Thing,VIEWPOINT,
Thing,AUTOGRAPH,H M P O
Thing,HUSKY VOICE,H D P A
Show Biz,RADIO JINGLE,C D G I
Person,HIGH BIDDER,M P D O
Event,JURY DUTY,C D M A
Phrase,WAY OF LIFE,M K P I
Phrase,DAWN TO DUSK,C M P O
Thing,HOT GOSSIP,G H M O
Thing,PHOTO EXHIBIT,H D M A
Living Thing,MIGHTY OAK,D M G O
Food & Drink,CHILI POWDER,B D M A
Phrase,COME WHAT MAY,C H M A
Phrase,I'M BAFFLED,M H C I
People,PARTYGOERS,C B P A
Thing,WASHABLE WOOL,P C M A
Things,BYLAWS,P G C A
Thing,MUTUAL FUND,C D M A
Thing,A QUICK SMOOCH,D M C O
Things,LOFTY GOALS,G M C I
Phrase,A FAIR VALUE,C P H O
Proper Name,HUGH JACKMAN,
Phrase,KICK THE HABIT,
Phrase,BUMPER CROP,M D B A
Phrase,I WONDER WHY,C D P A
Things,WIPER BLADES,B P D O
Event,HOUSING BOOM,G C D A
Person,TRIVIA BUFF,C J G A
Phrase,BREAK IT OFF,B H M I
In the Kitchen,MIXING BOWL,C D P A
Phrase,PURE HOGWASH,W D P I
Place,PAVILION,C G P A
Show Biz,COMEDY DUO,
Phrase,DO YOUR JOB,C M P A
Thing,SCRAPBOOK,M P F A
Phrase,OUT OF FAVOR,D F H O
Things,HOME VIDEOS,C M D A
Phrase,FINISH UP,H C M I
On the Map,BANGOR,G D M A
Phrase,NOW I KNOW,C D P O
On the Map,HILO HAWAII,D C M A
In the Kitchen,CLING WRAP,D C B A
Things,GIGABYTES,D H C A
Thing,HALF-MOON,C H P A
Around the House,JUNK DRAWER,D C M O
Living Thing,LADYBUG,B F P A
Phrase,PAY THE PIPER,C M F O
Phrase,GIVE A HOOT,D C M A
Occupation,COURT BAILIFF,
Living Things,GUPPIES,C D M I
Phrase,IN FASHION,C D M O
Phrase,YOU MAY BEGIN,M P H I
Thing,SHADOW,G P M I
Things,A FEW LAUGHS,D G B A
Thing,DREAM JOB,B C M A
Phrase,SHOW YOUR STUFF,Y M G O
Thing,HAPPY FACE,C D P O
Phrase,ITCHING TO GO,C M P A
Event,A QUICK BREAK,C H P O
Food & Drink,WHITE GRAVY,F D C U
Thing,MICROSCOPE,
Phrase,A SNUG FIT,
Thing,BIKE RACK,M G C A
Phrase,WORDS OF WISDOM,
Fun & Games,RUGBY,D M P A
Occupation,BOOKKEEPER,C M D A
Phrase,CHECK THE BOX,M H C A
Phrase,FAR AND WIDE,F Y G O
Things,HOT TOPICS,D P M O
Phrase,BOTH OF US,D H C O
Phrase,GOOD WORK,M D B A
Thing,DOUBLE VISION,
Phrase,YOUNG AND FOOLISH,
Phrase,CATCH A WAVE,C D B A
Thing,HAIR RIBBON,
Food & Drink,JUICY BURGER,P C D I
Phrase,I'M HOPEFUL,D M I P
Thing,FUZZY MEMORY,
Phrase,A CUT ABOVE,F H D O
Thing,WILLPOWER,C M P A
Phrase,WAIST-HIGH,B D M A
Things,SOAP BUBBLES,D M C O
Things,PAIR OF PAJAMAS,C F M O
Event,BUYING A HOME,G M D I
Place,BANK VAULT,G H C A
On the Map,FLAGSTAFF,C H F A
Person,GROWING BOY,M B C A
Phrase,HANG TOUGH,G B M A
Things,LOW PRICES,M C D A
Phrase,BY YOUR SIDE,D P M A
Place,WALK OF FAME,F M H A
Thing,OXFORD SHIRT,B G H O
Living Thing,KING CRAB,D F G O
Phrase,HIGH-AND-MIGHTY,
People,WIVES,M C G A
Person,OFF-DUTY COP,C H D A
Phrase,EGO BOOST,G C M I
Phrase,IN GOOD HEALTH,M D H A
Food & Drink,PISTACHIOS,C D? H I
Phrase,OH MY GOSH,C H F I
Phrase,FADING AWAY,G B H O
Place,CITY PARK,C H F A
Phrase,BELOW ZERO,M B G A
Thing,DRIFTWOOD,D C F A
Rhyme Time,ZIP YOUR LIP,B C D O
Around the House,HUMIDIFIER,C D M A
Phrase,WHILE YOU WAIT,
Phrase,I'M JOKING,M D P I
Living Thing,PINK DAISY,C H M O
Thing,TOOTHPICK,C H M I
Phrase,AS YOU WISH,H C M I
Things,DOG BISCUITS,B D M A
Thing,FOOT MASSAGE,B C M O
Place,HAYLOFT,
Around the House,BODY WASH,H M P A
Things,PEAK HOURS,C M W A
What Are You Doing?,FIXING A SNACK,M C G A
Event,JOB FAIR,C D G A
Thing,VOCABULARY,D P C A
Phrase,JOIN THE CLUB,
Proper Name,WAYNE BRADY,C D M A
Phrase,OVER MY HEAD,F D C O
What Are You Doing?,GOOFING OFF,
Food & Drink,KETCHUP,C K P U
Thing,CLOGGED PIPE,B F M A
Person,BOXING FAN,C H B I
Fun & Games,FIELD HOCKEY,D M C O
Phrase,MAYBE I WILL,P C M A
Place,IRISH PUB,
Food & Drink,BRICK OVEN PIZZA,C H M I
On the Map,QUEBEC CANADA,D M H O
Things,CLOUDS AND FOG,C P D A
Fictional Characters,HAPPY & GRUMPY,
Food & Drink,ICING,G C H A
Thing,GROWTH CHART,P C M A
Things,BOBBY PINS,P C D O
Around the House,SQUEAKY DOOR,G H C A
Food & Drink,VEGGIE DIP,C D P O
Thing,FISH FOOD,C P B A
Proper Name,PAULA ABDUL,H C D A
Thing,SHAVED HEAD,
Event,OCEAN VOYAGE,C D M A
People,JUDGE AND JURY,P B M O
Phrase,WARM AND COZY,G C H A
Thing,PHONE JACK,M D H O
Show Biz,BANJO PLAYER,P M C A
Thing,BRIGHT IDEA,D M C I
Phrase,HEAR HIM OUT,B M D I
Phrase,QUICK ON THE DRAW,
Thing,EPIC SAGA,D M W A
Phrase,IT'S YOUR MOVE,C H M O
Around the House,COMFY SOFA,C H M A
Thing,KNOWING WINK,C G P A
Phrase,IT LOOKS IFFY,K C G O
Thing,BUYING POWER,C G D A
Phrase,MY JAW DROPPED,
Proper Name,UTAH JAZZ,M D C O
Thing,FOOD VOUCHER,B G H O
Thing,OIL GAUGE,G M D O
Phrase,FLAG HIM DOWN,G H D O
Thing,APOLOGY,M D P A
Thing,KEY PLAY,
Thing,PAID INVOICE,C D M O
Thing,BIT OF TRIVIA,
Thing,BUZZING SOUND,C M P O
Show Biz,RHYTHM GUITAR,C P G O
Phrase,THICK HAZE,
Thing,PURE OXYGEN,F C M I
Phrase,BOOKED SOLID,G H P A
Place,BACK PATIO,C H P O
Phrase,GIVE ME FIVE,
Phrase,CRAZY ABOUT YOU,M P H O
Thing,DEEP SIGH,B D H O
Phrase,WAR OF WORDS,M D P A
Phrase,TOUGH TO AVOID,M D C O
Phrase,WE KNOW HIM,G B W O
Phrase,FIT FOR A KING,B G F O
Fun & Games,DRAW POKER,C H M A
Phrase,I'M BEHIND YOU,M C G O
Thing,BRIDAL VEIL,M F C A
Thing,FLEXIBILITY,C M P A
Thing,KIND OFFER,D M F I
Thing,ROUGH PATCH,C D M A
Phrase,WEIGH YOUR OPTIONS,M D Y O
Phrase,ABOUT-FACE,D M G A
Event,HIKE IN PAY,P D W O
Phrase,WITHOUT A FLAW,H C D A
Things,TAX & GRATUITY,C M P A
Place,MAGIC SHOP,C H M A
Place,KARAOKE BAR,B C M A
Show Biz,HOLLYWOOD GOSSIP,C D M A
Phrase,YOU HAVE TO FOCUS,M P H A
Thing,FORMAL GOWN,M C B A
Event,QUITTING A JOB,M G H A
Thing,MYTHOLOGY,M B P O
Phrase,QUIET DOWN,C G H A
Thing,WORLD MAP,W D P O
Thing,PARTY FAVOR,D C P A
Fictional Character,JEDI KNIGHT,B D M O
Phrase,FILLED WITH JOY,W D F I
Things,OPINIONS & ADVICE,C D M A
Phrase,I FORGIVE YOU,B D M A
Thing,PORCH SWING,I C M H
Phrase,MAKE IT A HABIT,
Thing,BIRTHDAY WISH,G H F O
Phrase,JOIN NOW,C D M A
Thing,DIALOGUE,H C M O
Phrase,PROOF POSITIVE,
Thing,BRAKE FLUID,C D M A
Person,NATIVE OF CHICAGO,
Phrase,I WON'T BUDGE,C D M A
Phrase,SOUNDS YUMMY,D M C A
Phrase,ORDER BY FAX,G K D O
Thing,SAFARI JACKET,C D M A
Thing,FOAM PACKAGING,G C M A
Thing,VINYL ALBUM,C M F I
Thing,MOSQUITO BITE,H M K A
Phrase,KICK OFF YOUR SHOES,Y C G A
Phrase,IT GROWS ON YOU,
People,TWIN BOYS,M D P O
Thing,DIVING MASK,
Thing,OFFICIAL FAN CLUB,C A M P
People,IOWANS,M H C A
Phrase,I MADE A VOW,
Food & Drink,HOT COCOA MIX,M B D A
Thing,STOPWATCH,H G D I
Things,BIG DREAMS,P M G O
Person,HISTORY BUFF,C M D I
Phrase,YOU MADE ME BLUSH,F B H A
Show Biz,POLICE DRAMA,C D M A
Thing,A BRISK PACE,H C F A
Person,FISHING BUDDY,H G M I
Thing,JUKEBOX,C D P O
Things,COMPOUND WORDS,C F P O
Phrase,LOADS OF FUN,M D H O
Fun & Games,KNOCK-KNOCK JOKE,
Around the House,BUNK BEDS,D F C O
Thing,PURE GENIUS,P D C A
Fun & Games,AEROBICS CLASS,H F M O
Place,MUSEUM WING,H D P I
Thing,COAT OF VARNISH,C H D A
Place,PHOTO LAB,M D C A
Phrase,SHOP AROUND,
Thing,OATH OF OFFICE,F M B O
Thing,SPARK PLUG,B H C I
Place,EXIT RAMP,M C D O
Thing,CHARISMA,H D C A
Thing,A LOUD VOICE,G C M A
Proper Name,BOB DYLAN,C D B O
Things,JEAN SHORTS,C H D O
Around the House,LEAKY FAUCET,C D M A
Phrase,LIVING ABROAD,
Phrase,FIGHT THE URGE,H D C O
Place,FOOTPATH,P C G A
Thing,UPHILL CLIMB,C M P A
Thing,BLAZING SPEED,H C P A
Thing,DAILY DIARY,M C G I
Living Thing,INCHWORM,D M C O
Thing,DEBIT CARD,C D M A
Phrase,PLAYING A HUNCH,
Event,HEAVY DOWNPOUR,D M C O
Thing,HIGH FIVE,D M C O
Person,VISIONARY,Y I G H
Person,CRYBABY,P C D A
Things,HYPHENS & DASHES,C D M I
Event,PARTIAL ECLIPSE,D Z C I
Phrase,THUMBS UP,P M U C
Thing,HUGE WINDFALL,D G M I
On the Map,BEIJING,C B H I
Thing,A GOOD LAUGH,C M G A
People,YOUTH GROUP,C M P A
Phrase,WRONG WAY,D K C I
Thing,FOLKSY CHARM,P H D I
Thing,MILK JUG,C M P A
Thing,TOUGH EXAM,
Thing,KHAKI UNIFORM,M C G A
Person,WORKAHOLIC,
Person,BLOGGER,C D M A
Phrase,BY THE WAY,B G C I
Thing,GOLF HAT,P D H O
Fictional Place,UTOPIA,C H P A
On the Map,JUNEAU,P M C O
Thing,PAYCHECK,
Phrase,FULL OF INTRIGUE,
Phrase,STAY FOCUSED,M H D A
Thing,OFF-ROAD VEHICLE,C D M O
Phrase,HOLD THE MAYO,C D H O
Place,COZY CAFE,
Thing,FORMAL BOW TIE,C B P I
Person,CUTE KID,M D C A
Place,VANTAGE POINT,D M H A
Phrase,I'M SKEPTICAL,I H P C
Phrase,KEEP IT HANDY,P I K W
Thing,BLANK FORM,D C P I
Thing,CIVIC DUTY,C D M I
Thing,UNIQUE FLAVOR,D M H A
Event,MAIDEN VOYAGE,C D P O
Things,WOOL SOCKS,H C P I
Fun & Games,JIGSAW PUZZLE,Z W J I
Thing,BIRDBATH,
Phrase,RAY OF HOPE,P D M A
Thing,WISECRACK,D M C O
Thing,SIBLING RIVALRY,C P H O
Thing,SHARP CURVE,C M D A
Person,DOUBLE AGENT,C B G A
Thing,FOAM RUBBER,C D M O
Phrase,BLIND LUCK,G H M A
Food & Drink,CHEWY LICORICE,C D B I
On the Map,YUMA & PHOENIX,C P D I
Phrase,ABOVE AVERAGE,P C D A
Place,HUMBLE ABODE,C D W A
Person,SLOWPOKE,M F C A
Phrase,FAIR ENOUGH,H M C A
Living Thing,YOUNG PUP,M D P A
Things,KILOGRAMS,C D P O
Thing,PEACH FUZZ,C P G O
Event,BLOWOUT,C M P O
Thing,FOOLPROOF PLAN,B C M A
Thing,LOVE POEM,C G D O
Living Things,PACK OF WOLVES,F M D O
Phrase,ASK YOUR DOCTOR,P D M A
Thing,AERIAL FOOTAGE,C D P A
Thing,FACE VALUE,F P M I
Place,CABBAGE PATCH,M D C A
Phrase,MIXED SIGNALS,C P Y A
Thing,DUFFEL BAG,D P M A
Place,BALCONY,G D M I
Phrase,FIGURE IT OUT,
Person,NAUGHTY BOY,C F G A
Thing,QUICK GLIMPSE,P C H O
Event,SOPHOMORE YEAR,C M P I
Phrase,LAUGH IT UP,G H P I
People,GRANDKIDS,C D M O
Phrase,OVER AND OUT,V D C O
Person,FIFTH GRADER,H M C A
Show Biz,TV JUDGE,M C P O
Phrase,HEROIC EFFORT,C P M O
Thing,BOOKMARK,M P D O
Thing,OAK BENCH,D C G I
Phrase,WE THINK ALIKE,C D B I
Phrase,FULLY QUALIFIED,M C H A
People,VARSITY SQUAD,Y B C O
Things,DOUBLE COUPONS,
Event,HIGH TIDE,M D B I
Place,OPERA HOUSE,
Thing,PUBLIC OPINION,M G D A
Phrase,FLIP A COIN,P D M A
Things,PSYCHIC POWERS,C D P A
Thing,HOT WAX,C M P A
Phrase,RIGHT ON CUE,C P G A
Show Biz,RAVE REVIEW,D H B A
Phrase,JUST WIN,C B M A
Thing,VIVID MEMORY,M P D A
Thing,BIKE CHAIN,C G M A
Thing,DIGITAL IMAGE,D M C O
Thing,VAGUE NOTION,C M H A
Things,JUICY TIDBITS,
Thing,ANTIQUE TRUNK,D H C A
Thing,NIFTY TRICK,
Thing,WHIRLPOOL,C H P O
Things,AUDIO AND VIDEO,P C D O
Thing,BOLD MOVE,C D P I
Place,HOME GYM,C M P A
Phrase,VALID POINT,C M P O
Thing,MAGIC WAND,C D G I
Phrase,DO ME A FAVOR,
Thing,SHINY COIN,P C D I
Phrase,OFF THE HOOK,C D M O
Person,GOLF PRO,C M P O
Thing,WILD GUESS,C D H O
Person,AVID FAN,M D C O
Thing,TRIVIA QUIZ,G C P A
Thing,DINOSAUR EXHIBIT,G B M A
Things,SOAPSUDS,D M C A
Food & Drink,MUFFIN TOPS,
Thing,CLIPBOARD,
Thing,VINTAGE CLOTHING,C D M A
Phrase,QUIRK OF FATE,M P D A
Phrase,WAY TO GO,C D G O
Food & Drink,GOOEY TAFFY,D M C A
Thing,TIGHT GRASP,C H P I
Thing,WORTHY CAUSE,C D G I
Phrase,DOWN TO THE WIRE,H C M O
Things,ADVERBS & ADJECTIVES,P M G A
Thing,A GOOD VIBE,D F M I
Things,GUSTY WINDS,
Phrase,GIVE AND TAKE,M B G O
Thing,SQUARE PEG,D G C I
Phrase,HURRY BACK,
Place,FASHION BOUTIQUE,M H C O
Phrase,OUTSIDE THE BOX,D F M I
Phrase,BUCKLE UP,D P G U
Thing,PLAID BLOUSE,B M D O
Thing,KARAOKE MACHINE,B C D O
Phrase,HOLY COW,B D M A
Thing,KEYHOLE,
Phrase,A WINK AND A NOD,D C M A
Occupation,BIG-LEAGUE UMPIRE,C P M A
Show Biz,MEDIA BLITZ,M F D I
Event,EPIC JOURNEY,D M H O
Thing,BANQUET TABLE,B D C A
Person,OVERACHIEVER,D H M A
Thing,GOOSE BUMPS,
Show Biz,SMOOTH JAZZ,C M G A
Phrase,A WIDE VARIETY,
Phrase,OUT OF BOUNDS,C B D O
Thing,SOLEMN VOW,M G C A
Phrase,SQUEAKY CLEAN,C M P A
Place,BAGGAGE CLAIM,C M P O
Living Thing,GIANT SQUID,D C M A
Thing,FANCY FOOTWORK,C P M A
Thing,DIRECT QUOTE,D H M A
Phrase,COURT IS ADJOURNED,D M F A
Thing,LOW WHISPER,P B H I
Place,BIKE PATH,D C F A
Thing,SAFETY VALVE,H B W I
Thing,LIP BALM,P B M A
Thing,LIQUID SOAP,C M G I
Person,UNDERDOG,
Thing,FIGURE EIGHT,
Occupation,TV ANCHOR,
Thing,GLIMMER OF HOPE,B M P O
Thing,TOUGH JOB,C G H O
Thing,SHAVING KIT,G C M A
Thing,PARQUET FLOOR,B C D A
Thing,COWBOY HAT,H M D A
Thing,HAZY MORNING,B M P I
Thing,BRIEF PAUSE,C D H O
Things,KHAKI PANTS,P C D A
People,TASK FORCE,C P D O
Phrase,I HAD A HUNCH,C D H I
Thing,QUILTED HANDBAG,C D H O
Fun & Games,A BRISK JOG,C D M A
Thing,VIRTUAL TOUR,V C M U
Thing,SOFT WHISPER,C D M A
Things,LOFTY AMBITIONS,F G D I
Phrase,JUST PEACHY,C H D A
Thing,HIGH PRAISE,C D H A
Thing,YOUTHFUL OUTLOOK,C B G O
Phrase,SQUEAKING BY,C D G I
Thing,JOURNAL PAGE,G P H A
Thing,CLAY FIGURINE,M P C I
Thing,A HUGE IMPACT,C M P A
People,CHOSEN FEW,
Things,MUSIC VIDEOS,C M D A
Place,MAIN OFFICE,M D P I
Thing,BEAUTY MARK,C M G I
Phrase,GIVE IT A WHIRL,G V W I
Phrase,ROUGHING IT,G M P I
Phrase,LUCKY BREAK,C D H A
Thing,HAIR DYE,C M P A
Event,VICTORY LAP,C G D O
Phrase,GO FIGURE,
Phrase,HIT IT BIG,G M H I
Thing,FLIGHT PATH,P H D A
Phrase,BUY NOW,D H M O
Phrase,A WAY WITH WORDS,H D B A
Phrase,TOUCH BASE,H P C A
Phrase,EQUAL FOOTING,M C W A
Phrase,FRUITS OF YOUR LABOR,C P F A
Phrase,WISHFUL THINKING,C M G A
Thing,BOILING POINT,G P M A
Phrase,HALF A DOZEN,C D M I
Phrase,CLOSE PROXIMITY,C P M O
Phrase,OUTFOXED AGAIN,C M P A
Phrase,MAYBE SOMEDAY,
People,WHIZ KIDS,M C H A
Thing,FIELD GUIDE,
Thing,SOUND ADVICE,C D M A
Place,FARAWAY GALAXY,C B H A
People,YOUNG COUPLE,C D M I
Person,BOY GENIUS,P B C A
Thing,GOOD PUBLICITY,M D C O
Things,OFFICIAL DUTIES,
Thing,CHEW TOY,P M B O
Place,VOTING BOOTH,C H M O
Thing,ORIGINAL IDEA,D M C I
Things,WIND CHIMES,M F D A
Thing,HEARTY LAUGH,C H M O
Phrase,IN THE VICINITY,H M C I
Phrase,MAXIMUM PROFITS,P C M A
Phrase,KNOW THE ROPES,H P M I
Thing,DOOR PRIZE,M C D A
Thing,IGNITION SWITCH,D M C O
Phrase,HAPPY TO HELP,D H P O
Thing,GIFT BOX,D M F O
Phrase,FORGE AHEAD,H C F O
Thing,POWER SUPPLY,M D P I
Thing,GAS GAUGE,M C H A
Thing,BRIGHT SPOT,F D C I
Thing,PSYCHIC ABILITY,C D G O
Phrase,ENOUGH TO GO AROUND,C D P O
Thing,APPOINTMENT BOOK,
Thing,FORCE OF GRAVITY,G Y B O
Place,LOG CABIN,C M H A
Person,ONE OF THE GUYS,F G H U
Thing,GROCERY BAG,D C A M
Thing,TAXI FARE,H M P O
Phrase,JOINED AT THE HIP,D M C I
Phrase,BLAZE OF GLORY,F B P O
Thing,UPBEAT MOOD,C D G O
Thing,OLIVE BRANCH,C P D O
Phrase,IN HOT PURSUIT,
Person,LOYAL VIEWER,
Thing,WEB BROWSER,D B P A
Thing,GROUP HUG,C B G I
Thing,CARBON COPY,
Phrase,THE PLOT THICKENS,
Thing,TOP DRAWER,
Phrase,THINK AGAIN,H M C A
Thing,WOOL CAP,C M P A
Person,FOLK HERO,C B H O
Thing,SHARP VISION,P C H A
Thing,GUITAR PICK,M H P A
Thing,COIN PURSE,H D M O
Things,VALUABLE OBJECTS,C H Y A
Thing,HOWLING WIND,B C D O
Phrase,I APPRECIATE THE OFFER,P M C O
Thing,PHYSICAL ACTIVITY,F P C A
Thing,QUEST FOR KNOWLEDGE,M D C I
Thing,AN ONGOING PROCESS,C D G A
Phrase,IMAGINE THAT,C D M A
Place,WINE BAR,C D M O
Things,RHYMING WORDS,P C M A
Phrase,PAVE THE WAY,M P K A
Thing,QUICK PEEK,C D P A
Thing,FONDUE POT,
Phrase,JOKE AROUND,F P M O
Phrase,BEYOND A DOUBT,D P M A
Phrase,I'M PUZZLED,M D B I
Phrase,VERY HUSH-HUSH,Y V H U
Phrase,PICK UP THE PACE,G H C A
Thing,SQUARE KNOT,
People,HIP CROWD,C D H A
Phrase,TWO OF A KIND,C H M A
Phrase,ON THE HORIZON,
Event,A BIG WIN,C F M I
Things,HOME MOVIES,
Thing,SPRAY PAINT,P H B A
Things,BRAIN WAVES,D P G I
Thing,COMPANY LOGO,C H M A
Phrase,SNUGGLE UP,P D M U
Phrase,LAW OF AVERAGES,M D B I
Phrase,WALKING ON AIR,D G P A
Thing,OUTWARD APPEARANCE,D C H O
Phrase,GO FOR THE GOLD,H M D O
Thing,LONG HAUL,D C H I
Phrase,PART OF THE BARGAIN,
Thing,HEAVY-DUTY EQUIPMENT,M P C A
Thing,PUNCH BOWL,C P D I
Person,BODYBUILDER,M D C A
Thing,LOGICAL CONCLUSION,C D M A
Phrase,SCHOOL OF THOUGHT,P F C O
Phrase,CAUGHT OFF-GUARD,D M C O
Thing,SKETCHPAD,H C G A
Phrase,KEEP YOUR RECEIPT,M H C O
Thing,JUICY GOSSIP,H G P A
Phrase,BELOW THE SURFACE,C D M I
Thing,PROPER TECHNIQUE,D M H A
Phrase,FITS LIKE A GLOVE,B D P A
Phrase,THE PERFECT MIX,
Event,PHOTO FINISH,M C Y A
Phrase,ACTING ON IMPULSE,G C M O
Person,BRIDEGROOM,C D H A
Phrase,BUZZING WITH EXCITEMENT,
Phrase,CHOW DOWN,C M D A
Thing,POSITIVE ATMOSPHERE,M P C O
Thing,HONEYMOON PERIOD,
Thing,WORKBENCH,D C M A
Person,AWARD RECIPIENT,M H C O
Phrase,EXACT CHANGE,C P G A
Phrase,INDULGE YOURSELF,D M C I
Thing,COZY BLANKET,C P M O
Fun & Games,ROYAL FLUSH,H D C A
Thing,PAPERWEIGHT,M D C A
Thing,EXPERT OPINION,D M G I
Thing,A FOREIGN LANGUAGE,G P M O
Phrase,IN THE GROOVE,G D H O
Place,FOOD COURT,B P C O
Phrase,WAIT A WHILE,C M D A
Phrase,PURE COINCIDENCE,
Phrase,MOVING FORWARD,D P C O
Things,JUMPING JACKS,D M P I
Thing,BELLY FLOP,
Phrase,THROW A BASH,
Thing,NIGHTGOWN,D C M I
Thing,FAIR WEATHER,M C D O
Thing,PATIO COVER,
Thing,PREVIOUS PAGE,D M P I
Thing,BOOK OF POEMS,D F H O
Phrase,KNOCK ON WOOD,C P B I
Place,HOBBY SHOP,D P C O
Thing,BROAD APPEAL,
Phrase,VOICE OF EXPERIENCE,C P D O
Person,FAITHFUL SIDEKICK,D C M A
Thing,SOFTWARE UPDATE,C K P O
Things,PREFIX AND SUFFIX,C P D O
Thing,RISKY MANEUVER,C M P A
Place,BEHIND THE PODIUM,C K W O
Thing,CURIOSITY,
Event,BLOWING A FUSE,
Thing,OFF-THE-CUFF REMARK,C D P I
Thing,FLEXIBLE SCHEDULE,P M B A
Things,HIKING BOOTS,C D M A
Thing,FRIENDLY WAGER,B D H I
Person,JAZZ MUSICIAN,C K M I
Phrase,A SHOW OF HANDS,
Thing,PUNCTUATION MARK,C D P O
Person,SAVVY SHOPPER,C P H I
Phrase,DOUBLE WHAMMY,
Things,BANJO STRINGS,C D P I
Thing,WINDOW DISPLAY,C M P I
Thing,BOOMERANG,C P M A
Thing,FAR-FETCHED IDEA,D P G A
Event,GIFT EXCHANGE,C D M A
Place,FRONT YARD,H P D I
Thing,POPULAR OPINION,
Food & Drink,WEDGE OF LIME,C H F O
Thing,BODY LANGUAGE,P M G A
Food & Drink,JUICY BEEF,C M P A
Phrase,QUALITY TIME,D P C O
Thing,VISUAL IMAGE,C M D O
Phrase,TAKE A BOW,
Thing,FLATBED TRUCK,D K M I
Phrase,YOU HOLD THE KEY,C M D A
Thing,BEAR HUG,D M W O
Phrase,I'M AWAKE,D C M I
Event,HAPPY HOUR,P H D I
Event,ACT OF HEROISM,H C D O
Living Things,HAWKS AND DOVES,M P D O
Thing,QUICK DECISION,C H F O
Thing,OVERCOAT,H G P O
Phrase,ON A WHIM,
Place,PIZZA JOINT,M H P I
Thing,BACKBONE,H B G O
Phrase,WARM AND FUZZY,D C H A
Person,GROWN-UP,C D G O
Thing,MUSIC MIX,B M D O
Person,ANONYMOUS DONOR,D A M C
Person,TOUGH GUY,C W P O
Thing,VOLUME KNOB,D H C O
Thing,A HUGE FAVOR,C K H A
Things,JOKES AND PUNS,D C P A
Phrase,GOOF AROUND,C M H I
Thing,HEAVY FOG,H D M A
Thing,OFFICE EQUIPMENT,M D C A
Thing,VIEWFINDER,D P H A
Phrase,GOOD GRIEF,
Phrase,JOIN FORCES,G C H A
Phrase,ONWARD AND UPWARD,D M P A
Thing,A FIRM GRIP,M C D A
Phrase,FLASH OF GENIUS,D C P I
People,JUGGLERS AND CLOWNS,D C P A
Living Thing,BABY KOALA,B M D A
Phrase,AHEAD OF THE CURVE,C B M A
Thing,DAYLIGHT,C D P A
Thing,SECOND CHOICE,P D H A
Things,SHOULDER PADS,C H M A
Thing,TOUCHY SUBJECT,H D C A
Phrase,I WAS MISQUOTED,D P H A
Thing,SMOOTH MOVE,H D M I
Place,MAIN LOBBY,G D A P
Thing,OPEN-DOOR POLICY,P D Y O
Thing,BRIEF CHAT,F D C A
Place,GHOST TOWN,C H M O
Phrase,IT'S BAFFLING,D P M O
Thing,POWER SOURCE,H M C A
Thing,TEXTBOOK,D C P A
Things,BLACK TIGHTS,H C D A
Thing,CHEMICAL FORMULA,H D M A
Person,FORMER BOYFRIEND,B P M O
Phrase,NO QUESTION ABOUT IT,Q B H O
Thing,VIVID DREAM,F D B I
Place,BUSY HIGHWAY,P C M O
Person,LIGHTWEIGHT CHAMP,M H C A
People,YOUNG FOLKS,D G C A
Things,PSYCHIC PREDICTIONS,C H D O
Thing,VALUABLE INSIGHT,C M D O
Thing,A LUMP SUM,F G P A
What Are You Doing?,KEEPING WATCH,D C H A
Phrase,LOFTY HEIGHTS,F M W A
Thing,VALID OPTION,C D M A
Things,BRAINS AND BRAWN,A B M P
Thing,AGE-OLD RIVALRY,P C G A
Thing,HINDSIGHT,
Thing,JOB OFFER,M P C I
Phrase,SQUAT DOWN,D M G O
Thing,WAX FIGURE,P C H O
What Are You Doing?,GIVING BACK,D G M I
Thing,HAND TOWEL,C D M O
Phrase,ON THE DOUBLE,B G C O
Phrase,PUCKER UP,B C M A
Thing,A HIGH VOICE,C M D A
Thing,BACKGROUND MUSIC,M C D I
Thing,HAZY SKY,D P F O
Thing,A KNOWN FACT,C D M I
Place,CLOTHING BOUTIQUE,P D H A
Thing,COVERED BRIDGE,D M B A
What Are You Doing?,WASHING UP,G P M I
Thing,ACOUSTIC GUITAR,
People,YOUTH OF TODAY,
Event,NIGHTFALL,G H F A
Fun & Games,KAYAKING,C D P A
Phrase,WORK IT OUT,G M A C
Thing,EXCLUSIVE CLUB,C H M A
Event,BIKE TOUR,C D M O
Thing,BIG VOCABULARY,C P G O
Thing,HOUSE KEY,D C M O
Phrase,JUMP UP AND DOWN,D F B A
Phrase,MAJOR OVERHAUL,M C D O
Thing,FUEL GAUGE,C P K A
Thing,NIFTY GADGET,D C M A
Place,PRIVATE COURTYARD,
People,THE WHOLE FAMILY,P M C O
What Are You Doing?,OPENING THE VAULT,H G D I
Thing,PATIO AWNING,G Y H A
Living Thing,PINK ORCHID,G K M I
People,JAZZ BAND,D M C A
Person,AVID HIKER,B H P O
Phrase,POUR IT ON,M Y D O
Thing,DRAWBRIDGE,D C H A
Person,NOISY NEIGHBOR,G H B O
Phrase,IN A JIFFY,D C M I
Thing,EXPERT ADVICE,F D H A
Phrase,IT MIGHT HAPPEN,D M H I
Thing,HAIR BRAID,
Thing,MOVING VAN,G D H I
People,JUNIOR VARSITY SQUAD,M P B A
Thing,STRICT CURFEW,M H C A
Event,MEDICAL BREAKTHROUGH,C P M A
Phrase,THE RIGHT APPROACH,H D Y I
Place,TOWNSHIP,H D M O
Phrase,VAST MAJORITY,J C D A
Phrase,WORTH THE RISK,H F C A
Thing,AWARD PLAQUE,C P H A
Thing,HOW-TO GUIDE,D G P O
Thing,HOURLY WAGE,C D Y A
Phrase,WIGGLE ROOM,M P D O
Thing,LOUD OVATION,C P Y O
Thing,POINT OF VIEW,M D C I
Thing,GREAT AMBITION,
Phrase,HAVE FAITH,D H M O
Person,BODYGUARD,D M C A
Phrase,TOUGH ACT TO FOLLOW,
Phrase,HIGHLY ORGANIZED,
Phrase,WHAT A KICK,G H B O
Phrase,BY A WIDE MARGIN,M C F A
Thing,FLAGPOLE,D B M I
Things,FOUR QUARTS,
Place,PUBLIC WALKWAY,P M D O
Things,GIGABYTES,M P D I
Thing,GORGEOUS BOUQUET,H M P A
Phrase,AS YOU WISH,H D M I
Phrase,KID STUFF,D M H O
Phrase,FOOD FOR THOUGHT,D C M U
Phrase,A SIGN FROM ABOVE,G F B A
Phrase,LAUGH IT OFF,G H F I
Thing,BUS ROUTE,B C F U
Thing,COMPUTER KEYBOARD,C P M O
Phrase,HOW KIND,D P B A
Thing,JUDGE'S GAVEL,
Phrase,GO QUIETLY,H M F O
Phrase,GIFT OF GAB,C M H O
Phrase,A MIXED BAG,C D M A
Phrase,SOLID PROOF,P M C A
What Are You Doing?,JOGGING IN PLACE,C D P A
Phrase,WORD TO THE WISE,H D P O
Thing,AUTOGRAPH,
Phrase,HUMBLE BEGINNINGS,D M P O
Thing,GOLF VISOR,D M C O
Thing,BABY FACE,M P D A
Thing,DUNE BUGGY,C D P A
Thing,PURE GOLD,C P B O
Phrase,I'M FLEXIBLE,M C P A
Things,WOBBLY LEGS,D M P O
Event,EPIC VOYAGE,G D B O
Thing,BOOK JACKET,C M H O
Phrase,GIVE A HOOT,B C D O
Thing,DOGGY DISH,H D C A
Rhyme Time,TOUGH STUFF,C M P O
Phrase,WITHIN YOUR GRASP,P M C O
Show Biz,MEDIA HYPE,H M D A
Thing,A GOOD VIBE,M P F A
Thing,BOBBY PIN,M D H A
Thing,BACK POCKET,H D C A
Thing,PHOTO EXHIBIT,
Thing,INGENIOUS DEVICE,C D P A
Thing,FOCAL POINT,H C M A
Things,QUALIFICATIONS,D P C I
Thing,SQUARE FOOTAGE,C D M A
Thing,TRAVEL VOUCHER,H G B O
Thing,BRIGHT OUTLOOK,M H D O
Thing,HOT TOPIC,H B C O
Thing,BOLD TYPEFACE,H D Y A
Things,WOOL GLOVES,D F M O
Thing,DAILY BLOG,
Thing,BLACK GOWN,M B C O
Phrase,QUITE A JOLT,
Thing,UNUSUAL HOBBY,D H C A
Thing,PHONE JACK,C D P O
Phrase,PIPING HOT,C H P O
Phrase,LOOKS YUMMY,
Phrase,AT THE BUZZER,C D H A
Phrase,FILL THE VOID,P M D O
Thing,PAID INVOICE,H D M I
Thing,AWKWARD PHASE,H M C O
Thing,HUGE EGO,M D H O
Thing,WEB VIDEO,B C D I
Phrase,I'M HOPEFUL,M C H I
Phrase,MIGHTY PROUD,D H P A
Place,BANQUET ROOM,M C D O
Thing,CROWDED SUBWAY,C H D A
Phrase,BUY IN BULK,M F C O
Phrase,CABIN FEVER,B V M A
Thing,BACKFLIP,D M C A
Things,BITE-SIZE PIECES,C D H A
Phrase,FAR BEHIND,G C P I
Thing,ROUGH PATCH,M Y H I
Place,COMFY HOME,C P M A
Event,JOB FAIR,B G H O
Thing,POUND SIGN,G D M A
Thing,HOCKEY LEAGUE,D C F A
Thing,VAGUE IDEA,C D M O
Phrase,I WON'T BUDGE,
Thing,CORKBOARD,C D B A
Phrase,HOLD OUT HOPE,C B M A
Phrase,I'M JUST TOO BUSY,P M C O
Food & Drink,MOIST BROWNIES,D C G A
Thing,CALYPSO BEAT,M P H O
Living Thing,YOUNG CALF,D F C A
Thing,BALE OF HAY,H C D A
Thing,BANJO MUSIC,H C F I
Thing,FULL-BODIED FLAVOR,B C P A
Food & Drink,ORANGE GUMDROPS,G M H O
Thing,GOOD ADVICE,
Place,BINGO PARLOR,P C M A
Thing,PARTY FAVOR,D M G A
Thing,STOCK QUOTE,C G D A
Phrase,CASH FLOW,B G H O
Phrase,AN EASY FIX,M D C A
Thing,CHROME FINISH,M D C A
Phrase,CLIMB ABOARD,P M D O
Phrase,FLIGHTS OF FANCY,C D H O
Phrase,AWFULLY NICE,Y C H I
Phrase,UP FOR GRABS,D P H A
Place,BANK VAULT,B K V A
Thing,LOUD GASP,C M K I
Thing,DOUBLE KNOT,M D B A
Thing,BROWN BAG,C D H A
Event,BRIEF VISIT,B D H I
Phrase,GOOD GUESS,G D C A
Things,PERKS OF THE JOB,H C B I
Thing,BUMPER STICKER,M P C A
Phrase,BRACE YOURSELF,C D M O
Phrase,TOYING WITH THE IDEA,C M D O
People,NEWLYWED COUPLE,
Phrase,OFF THE RACK,
Thing,FAVORITE MUG,J K G A
Phrase,GIVE IT AWAY,D P H I
Thing,GLOBE,G C M O
Place,WILDLIFE PARK,P K G A
Places,QUAINT SHOPS,P D G I
Phrase,MAKE IT OFFICIAL,C D F O
Thing,LOADED GIFT CARD,D M F A
Place,IN THE FOREGROUND,H D B A
Thing,HIGHWAY SIGN,D M P O
Thing,CALMING VOICE,G M D A
Thing,SUNDAY BUFFET,H M D A
Phrase,I BLEW IT,P M H A
Phrase,LIKE A HAWK,
Event,LONG JOURNEY,J G Y O
Phrase,IT COULD HAPPEN,C H M I
Place,TAXI STAND,C D M O
Phrase,FAR AND WIDE,D M P A
Thing,SOYBEAN,C D M I
People,PEP SQUAD,D G H A
Phrase,COME HELP OUT,H D M O
Thing,ATHLETIC BUILD,D C M A
Things,FOUR ACES,H D P A
Phrase,I'M HALFWAY HOME,M D C A
Phrase,AVERAGE HEIGHT,D M H I
Thing,BUS TOKEN,B K M O
Phrase,GOOD TO KNOW,G D M O
Phrase,SKIM THE SURFACE,
Phrase,WRONG WAY,C G D A
Food & Drink,BABY PEAS,
Thing,DIALOGUE,D M P A
Thing,FLIGHT BAG,C M D A
Phrase,HIGH QUALITY,C D H I
Phrase,A HAPPY MEDIUM,C H P I
Things,WEDDING VOWS,G C D A
Event,BLACK-TIE AFFAIR,B F C A
Phrase,JUST BROWSING,G P C I
Person,GOLDEN BOY,
Person,WORLD CHAMP,B Y D A
Thing,GIFT VOUCHER,
Around the House,JUNK DRAWER,D C M A
Phrase,TOP PRIORITY,M B P A
Event,PIZZA PARTY,P C M I
Phrase,TOUGH BUT FAIR,M C P O
Thing,A QUIET MOMENT,
Thing,PRECIOUS CARGO,C P G A
Phrase,KEEP PLUGGING AWAY,
Phrase,AVAILABLE NOW,C M W A
Phrase,SKIP AHEAD,D M P A
Things,COWBOY BOOTS,D M C A
Thing,A HUGE HIT,G M C A
Thing,DAILY WORKOUT,W D B O
Phrase,PRIDE & JOY,H C D A
Phrase,LOW IMPACT,
People,THE WHOLE GANG,D H M A
Phrase,MAKE A WISH,H M D O
Thing,KIND OFFER,G C M O
Phrase,BOOKED SOLID,D M C I
Thing,HIGH FIVE,B C D A
Phrase,BE QUICK ABOUT IT,C D P A
Person,HOMEBUYER,
Thing,PLYWOOD,P C M A
Phrase,BOUNCE BACK,
Thing,PATCHWORK QUILT,C H M A
Thing,PURE GENIUS,D M C A
Phrase,BACK ME UP,B D M A
Thing,HOUSEWARMING GIFT,G D P O
Things,VIVID COLORS,C M F O
Phrase,ON YOUR OWN,C M D O
People,KIDS OF ALL AGES,D P M A
Thing,HOMETOWN FAVORITE,D C K I
Phrase,PLAYING A HUNCH,D G B A
Thing,BIKE ROUTE,P M C O
Thing,WIND-UP TOY,
Person,PRO BOWLER,D M C A
Thing,TACKLE BOX,H C D A
Phrase,LIVING PROOF,G V D O
Thing,WICKER CHAIR,D H C A
Thing,SKYLIGHT,H D M O
Phrase,BRIDGE THE GAP,D H M A
Thing,GREAT CHOICE,M D P O
Phrase,LOOK OUT BELOW,C G H O
Person,KID BROTHER,G C D A
Thing,THICK FOG,C D M I
Person,UNSUNG HERO,D C H A
Things,WHITE GLOVES,M D P A
Phrase,A BRIGHT FUTURE,G C M A
Phrase,I WOULD BE DELIGHTED,B P H A
People,PANEL OF JUDGES,P F H A
Things,PEAK HOURS,C D M O
Things,BASIC REQUIREMENTS,P D M A
Phrase,FLIP THE SWITCH,P F C I
Phrase,IN THE MIX,C P D O
Fun & Games,LEAPFROG,D C H O
Phrase,IT WILL GROW ON YOU,C P M A
Phrase,ON THE SAME PAGE,P M H O
Things,TRIVIA QUESTIONS,P B H O
Phrase,TAKE THE BAIT,B C D A
Things,PSYCHIC POWERS,M D B A
Phrase,GET TO THE POINT,G H P O
Thing,WORD OF THE DAY,H D Y O
Phrase,A FEW LAUGHS,P B D A
Person,BOYHOOD IDOL,D C M A
Things,PORCELAIN FIGURINES,B M C A
Thing,WITTY REMARK,
Phrase,OUT OF SIGHT,C M P U
Thing,COOKIE JAR,C M G A
Phrase,GO FOR BROKE,P F G I
Phrase,GET THE WORD OUT,H C B O
Fun & Games,OPENING KICKOFF,G D C O
Thing,A LIGHT TOUCH,G C H O
Phrase,BACK IN A FLASH,M C H I
Phrase,A CUT ABOVE,H D M A
Thing,BIRD FOOD,D P B A
Thing,SHORT PAUSE,M C P A
Phrase,WAVE THE FLAG,D C M I
Thing,BUBBLE WRAP,D G P A
Things,BOWS AND RIBBONS,F D M I
Person,COMPUTER WHIZ,H C P O
Place,JOGGING PATH,C D M I
Phrase,SECOND EFFORT,C D M O
Thing,BOOKMARK,
Phrase,FIGURE IT OUT,C H P I
Person,VARSITY COACH,C H Y A
Thing,MAGIC WAND,
Thing,A BRISK PACE,C M B O
Things,HOPES AND AMBITIONS,C D M A
Thing,CLIPBOARD,C D M A
Thing,TEMPERATURE GAUGE,C P D A
Phrase,FOR WHAT IT'S WORTH,
Thing,SHARP CURVE,H D M O
Thing,PAPERWORK,C H M O
Person,BLOGGER,B H P U
Phrase,PROVE IT,D P C I
Thing,TWO-PART FINALE,B D G I
Thing,BALMY WEATHER,C D M A
Event,MAIDEN VOYAGE,
Phrase,WAY BACK WHEN,P M H O
Phrase,WHAT A BARGAIN,C D M I
Phrase,IN A HURRY,H Y C A
Phrase,QUITE A COMPLIMENT,H M D A
Person,FAMOUS AUTHOR,C D P O
Thing,VALID EXCUSE,B G H O
Person,ORIGINAL OWNER,C F D O
Things,KHAKI SHORTS,P M D O
Living Thing,WATCHDOG,P M D A
Phrase,MY BIG CHANCE,D C M O
Phrase,KICK UP YOUR HEELS,C M H A
Phrase,WORTH THE WAIT,W H D A
Phrase,EXACTLY ALIKE,H M Y O
Thing,GLOBAL PHENOMENON,C H M A
Place,HIKING PATH,D W G I
Place,LIGHTHOUSE,H G B O
Thing,HIGH INCOME,H G M A
Thing,KAYAK PADDLE,F G C A
Thing,AERIAL VIEW,C M P O
Thing,PLUSH TOY,
Phrase,CAN I HAVE A HUG?,C F V I
Phrase,ON MY WAY,M C Y O
Phrase,PREVIOUS EXPERIENCE,C H D A
Thing,HUGE REWARD,C M P A
Phrase,RIGHT DOWN TO THE WIRE,G C B A
Thing,AMBITION,M C P A
Thing,PUBLIC SPEAKING,D C M O
Phrase,THE BIG PICTURE,C H M O
Phrase,IN OTHER WORDS,W D H O
Phrase,I'M BACK AGAIN,M F H I
Thing,VALUABLE GIFT,C P M O
Thing,HEAVY DUMBBELL,
Phrase,QUITE AN EVENT,M C H O
Phrase,ALIVE AND KICKING,D H M A
Things,BABY CLOTHES,C M D I
Person,YOUNG UPSTART,P H D A
Thing,SHARP IMAGE,C D H A
Thing,POWER SURGE,C M D A
Thing,BRIEF LAYOVER,H D M I
Thing,WILD PITCH,D M B A
Thing,UNIQUE INSIGHT,M C H O
Phrase,PICK AND CHOOSE,C D M O
Phrase,LOOK AWAY,F M C I
Things,ABBREVIATIONS,
What Are You Doing?,KIDDING AROUND,C G H I
Phrase,LONG OVERDUE,
Phrase,ON THE PHONE,H D P O
Phrase,A WORD OF ADVICE,C D M O
Thing,GROUP EFFORT,F P G O
Thing,PINKY RING,G C D I
Thing,UPBEAT TEMPO,M D H A
Phrase,OUTFOX THE COMPETITION,M D C I
Thing,POSITIVE VIBE,B H P O
Event,AWARDS BANQUET,C M D A
Thing,HOME PAGE,C M P I
Thing,HIGH POINT,P H C A
Thing,KIND FACE,C D P A
Event,GUIDED TOUR,C D P O
Thing,COIN BANK,C M D A
Thing,FIRST GLIMPSE,D B C I
Phrase,BITE YOUR TONGUE,D H C A
Thing,SUBWAY TOKEN,P G H A
Phrase,DON'T GIVE UP HOPE,C D M A
Phrase,HIGH VOLUME,D M G A
Person,EXPERT IN THE FIELD,P H F I
People,WIFE AND KIDS,D P G O
Thing,FAMILY VIDEO,D M P A
What Are You Doing?,IMPROVISING,C D P I
Thing,SHOEBOX,P M D O
Thing,TOUGH PUZZLE,B D F U
Place,WHEAT FARM,M P C O
Event,POWER OUTAGE,D M H O
Thing,FIGHT SONG,
Thing,LOUDSPEAKER,
Place,COZY HIDEAWAY,H D M A
Quotation,JACK BE QUICK,C M H A
Phrase,PROBLEM SOLVED,D P C O
Thing,WAISTBAND,G D C I
Thing,HEAVY OVERCOAT,H C D O
Food & Drink,GOOEY BROWNIES,C M D A
Phrase,HIT THE BUZZER,H M P A
Thing,OFFICIAL BUSINESS,C D M A
Thing,EXACT QUOTE,
Phrase,A WIDE RANGE OF OPTIONS,
Thing,FINAL PHASE,C D M A
Phrase,WE HEARD YOU,D B P A
Place,QUIET SUBURB,D M H I
Thing,AWKWARD POSE,
Things,MUFFLED VOICES,D C M A
Phrase,THROWN FOR A LOOP,
People,JAM-PACKED CROWD,C H G A
Phrase,MAKE A WAGER,M V D A
Phrase,JUST SAY THE WORD,J M K O
Thing,DOUBLE TAKE,D B K O
Thing,FOAM PILLOW,C M P O
Thing,YOGA MAT,C M P U
Place,PUBLIC ZOO,
Phrase,BOOST MY EGO,B G H A
Thing,HOTEL VOUCHER,C H P A
Phrase,LIGHT AND FLUFFY,D M C I
Things,BOXING GLOVES,C H Y O
Thing,PLAID FABRIC,H C P A
Phrase,WHIP UP SOMETHING,F M D O
Place,PROVING GROUND,B G C A
Phrase,HOW FUNNY,C D P O
Things,EIGHT OUNCES,P V C O
Phrase,WAIT FOR IT,H D M A
Place,A PACKED HOUSE,H C F O
Things,HAPPY FACES,C D F O
Person,SPUNKY HERO,P D H A
Person,YOUNG PRODIGY,M D C A
Thing,KEY TO THE OFFICE,C P M A
Phrase,MAKE A VOW,B C P O
What Are You Doing?,LAUGHING IT UP,G B M A
Phrase,THE OBJECT OF THE GAME,G M C I
Thing,PATCHY FOG,
Phrase,VIEW FROM ABOVE,H B C A
Thing,MAHOGANY FINISH,C D M I
Things,THIGH-HIGH BOOTS,C M D A
Thing,VORACIOUS APPETITE,C H M A
What Are You Doing?,BROWSING,C G Y O
Living Thing,SHRUBBERY,M D C A
Thing,PIANO BENCH,C H D O
Person,HOMEOWNER,H C M I
Thing,LIGHTWEIGHT JACKET,G C B O
Phrase,FOUR OF A KIND,D M K O
Thing,TRICK PLAY,C M D A
Place,FIREHOUSE,M F D U
Phrase,HANG IT UP,P D G I
Phrase,WHISKED AWAY,C D F A
Thing,VIOLIN BOW,C D M A
What Are You Doing?,VACUUMING,D M G I
Thing,JOYSTICK,D C M I
Things,WORDS OF LOVE,M F D O
Thing,ZERO GRAVITY,D M P O
Thing,APPROVAL,D B H I
Thing,VAGUE IMPRESSION,P M B A
Things,BOARDROOM CHAIRS,C H M A
Phrase,HUG IT OUT,F P G I
Thing,FOOLPROOF SCHEME,F P G A
What Are You Doing?,MAKING A BUDGET,M G D A
Phrase,DO NOT BUDGE,M F P O
Place,PRIVATE BUNGALOW,C H P I
Thing,FAMILY SAGA,C H M O
Place,IN THE DUGOUT,M C P O
Phrase,PAY IT FORWARD,C P H I
Phrase,VOICE YOUR OPINION,
Phrase,IT WAS BOUND TO HAPPEN,
Place,PHOTO BOOTH,Y D C A
Thing,CHALKBOARD,M C D A
People,GOLF FOURSOME,
Thing,QUART OF PAINT,C H P I
Phrase,A PAUSE IN THE ACTION,M C G O
Things,DISPLAYS AND EXHIBITS,D B C A
Food & Drink,VEGGIE PIZZA,D H C I
Thing,SHAVING FOAM,D M P I
Phrase,HIGHLY PROFITABLE,C D P A
What Are You Doing?,BANKING,G P H I
Thing,SHORT QUIZ,
Place,HOME OFFICE,D M P I
Thing,WIDE GAP,B H P O
Place,SCENIC PARKWAY,C H D I
Place,TURNPIKE EXIT,C M D U
People,VICTORIOUS PLAYERS,C D M A
Things,CHEEKBONES,C H P O
Thing,ROUGH SURFACE,C D M A
Person,BARGAIN SHOPPER,C D H A
Phrase,JUST A HUNCH,D J C A
Phrase,TOUGH TO KNOW,H G P O
Thing,YUMMY BUFFET,C K M A
Phrase,DON'T THINK TWICE,H K D I
What Are You Doing?,HOWLING WITH LAUGHTER,H C D A
What Are You Doing?,WAVING GOODBYE,C P F A
Thing,YOUTHFUL COMPLEXION,P C M A
Things,PUDGY CHEEKS,D F G O
Phrase,FIZZLE OUT,M C H O
Place,JUNIOR HIGH,C D H O
Thing,DOWN PARKA,D H M O
Thing,FUNKY MUSIC,D H G I
Thing,AVOCADO PIT,M D H A
Phrase,ZIP UP YOUR JACKET,D Y C O
Thing,HALFWAY POINT,G C F O
Thing,WORLDWIDE HIT,P G M A
What Are You Doing?,JOKING AROUND,G M C O
Occupation,VIDEOGRAPHER,A C B M
Thing,GUIDEBOOK,D M C A
Thing,GLAMOROUS GOWN,D M H O
Thing,ROWING MACHINE,
Thing,LIGHT DRIZZLE,P B C O
Person,FINICKY BABY,C H M O
Place,GUARDHOUSE,H C D O
People,HOME VIEWERS,C M P O
Phrase,GOOD QUALITY,H Y G O
Person,WILDLY HAPPY GUY,C D H O
Thing,TOUGH WORKOUT,
Thing,AUTOBIOGRAPHY,C H M I
Thing,BIKINI TOP,P G C I
Thing,LUXURY YACHT,C M D A
What Are You Doing?,THE LIMBO,O C K M
Things,PUFFY CLOUDS,C M P A
Living Thing,YOUNG CUB,M C P O
What Are You Doing?,QUILTING,P G C I
Thing,COMPLETE OVERHAUL,
Thing,BOOK CLUB,C B M U
What Are You Doing?,WORKING THE ROOM,D G P O
Thing,HEAVY MACHINERY,C G H A
Phrase,BACK IN THE DAY,G D P O
Person,PREVIOUS OCCUPANT,C D P A
Thing,WALL SAFE,F B C A
Phrase,ALWAYS IN DEMAND,D M P A
Place,FANCY BOUTIQUE,C P M A
Thing,OVERHEAD PROJECTOR,C M P O
Thing,STOCKY BUILD,M D B I
Phrase,A STROKE OF GENIUS,K B C I
Thing,HOUSEHOLD BUDGET,C M P O
Phrase,BEHIND SCHEDULE,P M D I
Thing,PAISLEY DESIGN,H F P O
Things,BONGO DRUMS,C H P O
Thing,POWER PACK,P M D O
Food & Drink,A WHOLE HONEYDEW,H C B A
Thing,FIXER-UPPER,P B C U
Phrase,OUT OF POCKET,G C B O
Thing,OAK PLANK,H D P A
Person,AVID HOCKEY FAN,
Things,WOODEN BUNK BEDS,H B D O
Thing,MURKY WATER,C M P A
Phrase,CARVED BY HAND,C D F O
On the Map,BORA BORA,B C M A
Thing,CHURCH PEW,
Things,GLOSSARY AND INDEX,G B F O
Thing,HARPSICHORD,D C M A
Thing,ANTIQUE WATCH,C M G I
Thing,ANTIQUE WATCH,C M G I
Phrase,IT'S OUT OF THE WAY,F M C I
Food & Drink,BAKED HAM,C D M A
Place,DOG PARK,P D Y O
Person,EGYPTIAN PHARAOH,D M P A
Person,GOLFING BUDDY,B C D A
Person,Person,GOLFING BUDDY
Person,JOLLY GOOD FELLOW,G P D O
Food & Drink,GOURMET POPCORN,P C M O
People,CHOOSY KIDS,D M G A
What Are You Doing?,JUMPING AHEAD,D H M A
Phrase,WORKS LIKE A CHARM,C D P O
Phrase,SWAN DIVE,C D M A
Thing,BOUNTIFUL HARVEST,C G W A
Food & Drink,BOUILLON CUBE,M C P I
Phrase,GO ASK YOUR FATHER,C D M O
Phrase,BRIGHT AND BUBBLY,
Phrase,WHAT A HODGEPODGE,C D B I
Place,PAVED BIKEWAY,C M B A
Person,HOBBYIST,M C H O
Thing,OVERWHELMING SUPPORT,G H D I
Phrase,FOREVER YOUNG,H P C A
Thing,OBJECTIVE OPINION,C M H I
Phrase,IN BROAD DAYLIGHT,
Place,FRUIT GROVE,P C M A
Person,VERY HANDY GUY,H C M O
Things,PATIO CHAIRS,
Thing,ERUPTING VOLCANO,G C D I
Thing,PLYWOOD BOX,C D M A
What Are You Doing?,BABYPROOFING,H M C I
Person,A WORTHY OPPONENT,H C P A
Thing,HITCHING POST,C H M A
Phrase,THE WHOLE POINT,C H D A
Thing,CROWD FAVORITE,C F M I
Phrase,OVERDOING IT,M D W A
Phrase,BIG FINISH,M P F I
Phrase,HUMOR ME,B M H O
Place,QUAINT VILLAGE,H M G O
Living Thing,GROUNDHOG,C D P O
Thing,FLOOR WAX,
Phrase,HOLD THE PHONE,D H M O
Phrase,MY JAW HIT THE FLOOR,C D G O
Thing,WICKER HAMPER,K M P O
Thing,QUIRKY PERSONALITY,C P D A
Thing,COMPUTER JARGON,C D G I
Phrase,VAGUELY FAMILIAR,C D P O
Thing,GOOD KARMA,C P M A
Phrase,MOVING UPWARD,D M P A
Things,QUIZ ANSWERS,P H W A
Thing,OFFBEAT COMEDY,D C H I
Phrase,BY THE POUND,G H B O
Phrase,BEYOND WORDS,C D H I
Person,POSTER BOY,M D P A
Things,HEADPHONES,D C P O
Food & Drink,CHOWDER,C D F I
Phrase,NICE JOB,C D M A
Things,PROBING QUESTIONS,G C P I
Thing,BEDROCK,C H D I
Person,COMPANY BIGWIG,C P H O
Thing,EXHIBITION,C D H O
Phrase,I'M ON THE LOOKOUT,
Phrase,QUITE A PAIR,H G C A
Thing,YOUR HOMEWORK,Y C D O
Thing,BEVELED FRAME,G B H O
Thing,HYBRID VEHICLE,C D H O
Thing,UPLIFTING SPEECH,C D H A
Person,JOVIAL HOST,C M B A
Phrase,JUST GOOGLE IT,D P M I
Phrase,ECONOMY SIZE,M C D O
Thing,FLUFFY WOOL,D G C O
Thing,PINK FEATHER BOA,H M P O
People,A CAPPELLA GROUP,
Things,WITTY PUNS,H F P I
Things,JUNE JULY AND AUGUST,C M B A
Thing,GUTSY CHOICE,G C H O
Person,MAJORITY OWNER,M D P I
Food & Drink,SPICY GUACAMOLE,C P M I
Thing,PREVAILING WIND,C D M A
Phrase,A RISK WORTH TAKING,C D M O
Phrase,WHAT A HOOT,B H D A
Thing,LOGICAL OUTCOME,A B C D
Thing,BACKUP PLAN,
Things,FAMILY VALUES,C D M I
Thing,ITCHY PALM,C H D O
Place,MAJOR HUB,P C D A
Place,AN ABBEY,P M C I
What Are You Doing?,WAFFLING,C G M A
Thing,CHOREOGRAPHY,D B M A
Thing,LOCKER KEY,B D P A
Phrase,GOBBLED UP,P M W A
Thing,JUNCTION,H B C O
Thing,BODY OF WORK,C D P O
Phrase,I'VE GOT HIGH HOPES,C D M O
Things,VISUAL EFFECTS,H D M A
Thing,COMPANY POLICY,
Phrase,HOMEWARD BOUND,
Thing,BOX OF BAKING SODA,P H F O
What Are You Doing?,WINDOW-SHOPPING,G D M O
Thing,OPEN VAULT,P M D I
Phrase,SOMEWHAT OF A SURPRISE,M W P A
Person,POWER BROKER,C H B O
Thing,WOVEN HANDBAG,M P D A
Thing,HOT PROSPECT,C W M O
Thing,A NUGGET OF INFORMATION,A F C D
Phrase,FRESH APPROACH,P G M A
What Are You Doing?,BACKPACKING,
Thing,CHOPPED FIREWOOD,C H D A
What Are You Doing?,EVOLVING,
Thing,NEW BABY BUGGY,H M D O
Thing,GROUNDBREAKING WORK,F G Y I
Thing,FINAL COUNTDOWN,F M P I
Thing,COMPLIMENTARY UPGRADE,C D P O
What Are You Doing?,BACKPEDALING,M D G A
Event,TAKING FLIGHT,
Things,JACUZZI BUBBLES,H P C I
Thing,BUSINESS SAVVY,
Thing,A BRIEF EXPLANATION,P H D A
Phrase,WORKS WONDERS,C D M O
Occupation,OPTICIAN,C H G I
Thing,PSYCHOLOGY,H P B O
Thing,BLOG POST,B C M A
People,OVERACHIEVERS,D C M A
Event,PUBLIC APOLOGY,D C M A
Things,NOUNS AND PRONOUNS,H P D A
Phrase,HAVING AN IMPACT,D H G O
Person,TOP DRAFT PICK,H M D I
Person,WEALTHY WOMAN,C D P A
Living Thing,NEWBORN PUPPY,C P M O
Things,HOURS OF OPERATION,C D M A
Thing,BREEZY DAY,C M G O
Phrase,DOWNRIGHT HILARIOUS,M B P I
Phrase,SCOOT OVER,C D H O
Thing,HOBBYHORSE,C M D O
Phrase,DIVERSE BACKGROUNDS,
People,QUALIFIED APPLICANTS,C M P A
Person,BEAUTY PAGEANT JUDGE,C D M O
Person,A SOPHOMORE,M P D O
Phrase,WEIGHING MY OPTIONS,F G P O
Phrase,HIT THE SACK,H P G O
Thing,VALIANT EFFORT,V F Z O
Thing,BIKE PUMP,M C P A
Thing,RAPID GROWTH,D M C A
Thing,KANGAROO POUCH,C G P O
Phrase,BARELY ENOUGH,C P M A
Place,PRIVATE HIDEAWAY,P D M A
Phrase,PAY A VISIT,P M D A
Phrase,STAY AFLOAT,Y M P A
Thing,VIVID IMAGINATION,D H B O
Food & Drink,CAKE ICING,M D B I
Thing,HEAVENLY BODY,
Person,TIGHTROPE WALKER,H G C A
Thing,UNSOLICITED ADVICE,D H C U
Fun & Games,BACKYARD SWING SET,D Y C O
Phrase,STATE OF EUPHORIA,C F P O
Phrase,DON'T QUIBBLE,G H D A
Phrase,GOING OVERBOARD,H M P A
Thing,UNANIMOUS VOTE,D G H O
Phrase,MIX IT UP,M B H I
Thing,BABY GRAND,P C G I
People,PICNICKERS,M B G A
Phrase,FIND YOUR GROOVE,G F M I
Thing,HIRING PROCESS,P M D A
Phrase,AMONG FRIENDS,D F C O
Thing,DOG BOWL,G C D A
Place,BUSY BOULEVARD,C D M A
Person,YOUR BIGGEST FAN,Y H G O
Thing,ALL-OUT BLITZ,H C D O
Phrase,POINT AND CLICK,C D M O
Thing,DIGITAL DOWNLOAD,C H Y O
Event,JOYOUS OCCASION,C D M O
Phrase,FULLY GROWN,D M P O
Thing,VALIDATION,H C O D
Food & Drink,A BOWL OF FRUIT,B D M A
Thing,LOUD LAUGHTER,D G H O
Thing,ICONIC GAME,B D M A
Food & Drink,PIPING HOT BISCUIT,D H B A
Event,JAZZ FESTIVAL,F H M O
Living Things,ADORABLE PUPPIES,D C H O
Thing,VALUABLE CARGO,
What Are You Doing?,GOOFING AROUND,
Things,PAPERBACKS,D M G I
What Are You Doing?,GOING BACKSTAGE,D G M A
Thing,GUIDED TOUR,P H D O
Thing,MOBILE DEVICE,H D M O
Phrase,JUMP ON THE BANDWAGON,D P M O
Phrase,IT TAKES KNOW-HOW,M C D I
Thing,GLAMOROUS IMAGE,P C F O
Person,LUCKY GUY,C D M O
Thing,AUTOGRAPHED BOOK,
Thing,AN OUNCE OF GOLD,F D G A
Phrase,POETIC JUSTICE,C M P U
Phrase,THAT WORKS,C H D A
Person,TUBA PLAYER,P M C A
Place,JUICE BAR,M C D A
Phrase,IN HOG HEAVEN,
Thing,EMPTY COOKIE JAR,
Phrase,PICK UP THE PHONE,P C H O
Thing,HIGH GEAR,C D M O
Phrase,BEYOND THE HORIZON,P C H O
Thing,GROWTH SPURT,C G Y I
Things,JOB QUALIFICATIONS,H D M A
Phrase,POINT THE WAY,P C M O
Thing,BUSHY TAIL,C M H O
Thing,UNIQUE WORK OF ART,Q K W O
Thing,BAGGAGE FEE,
Phrase,A PIECE OF THE PIE,B M F A
Food & Drink,RIPE AVOCADO,C B P I
People,FAMOUS DUO,
Phrase,BACK TO SQUARE ONE,Q B K O
Person,YOUNG ADULT,C M G A
Phrase,LIKE WALKING ON AIR,P G M O
Person,AUTHORITY FIGURE,
Person,AUTHORITY FIGURE,
What Are You Doing?,MOVING QUICKLY,G M D A
Food & Drink,PIZZA TOPPING,H G P A 
Person,BASHFUL KID,M G D A
Phrase,GO FOR A JOG,M C D A
Thing,MAJOR UPGRADE,D C M O
Food & Drink,FROZEN WAFFLES,F W Z O
Thing,EXCITING SUBJECT,B C D I
Things,OFFICE PRODUCTS,C B M A
Thing,YOGA POSE,H B D O
Phrase,THE WHOLE BALL OF WAX,
Thing,BIG BEAR HUG,C D M I
Phrase,WATCH OUT BELOW,C D M A
Phrase,A BABE IN THE WOODS,M D H O
Place,NARROW PATHWAY,C D P O
Place,BUSY HARBOR,C H K A
Food & Drink,HANDPICKED FRUIT,F P C A
Thing,HEAVY PACKAGE,D M P I
Things,FUZZY EARMUFFS,D M C A
Person,FIELD HOCKEY GOALIE,P H D O
Things,GUITAR CHORDS,C W D A
Thing,AVERAGE PRICE,Y M C A
Thing,QUILTED BLANKET,C D H A
Event,HISTORIC VOYAGE,M P C A
Thing,EXIT POLL,P X D I
Thing,LATE-NIGHT INFOMERCIAL,D H P A
Things,BAY WINDOWS,C D P A
Phrase,ABOVE THE CLOUDS,
On the Map,AUGUSTA GEORGIA,M P D A
Thing,MONTHLY BUDGET,C K M A
Things,GAME HIGHLIGHTS,B G M I
Person,HUMBLE HERO,D H W U
Phrase,WEALTH OF IDEAS,M C G I
Place,BACK OFFICE,M P B A
Thing,WOODEN GAVEL,H C B A
Show Biz,BROADWAY,P M D O
Things,FADED BLUE JEANS,C G P I
Thing,BUZZWORD,D H C O
Thing,ROUSING APPLAUSE,C G D O
Thing,WEDDING BOUQUET,P H G I
Event,EXCHANGE OF VOWS,
Phrase,RAISE YOUR VOICE,H G D O
Place,FROG POND,P G D O
Thing,BALD HEAD,D P H O
Thing,MOUND OF PAPERWORK,M D G I
Phrase,I FOUND YOU,H D P O
Phrase,WHAT A MOUTHFUL,C M F O
Place,BOYHOOD HOME,C M P A
Things,DAILY FLIGHTS,M P D A
Thing,TRANQUIL WATER,
Thing,JUICER,
Food & Drink,CHEWY TAFFY,D M W A
Thing,COMBINED WEIGHT,P M C A
Thing,WIPER FLUID,C P D O
Phrase,BY THE QUART,C M P O
Phrase,NICE VARIETY,P C H A
Thing,BUBBLY SOAP,M C D A
Phrase,FILL IN THE GAPS,P H G O
Thing,A WARM GLOW,D C W O
Thing,BLUE SKY,P C Y U
Thing,VINYL BOOTH,C B M O
Thing,BACKYARD GAZEBO,C D H A
Thing,WATER VAPOR,H M P A
Living Thing,TINY GUPPY,C D M I
Thing,LUXURY VEHICLE,D C P O
Thing,FOAMY LATHER,H D M I
Food & Drink,FLUFFY PANCAKES,P D M A
Person,PUBLIC OFFICIAL,P G H O
Thing,BARGAINING CHIP,C H P A
Thing,CLEVER PUZZLE,C D P O
What Are You Doing?,PAYING A FEW BILLS,P H G A
What Are You Doing?,PICKING UP THE KIDS,G D H A
Occupation,FACTORY WORKER,P M C O
People,GYM BUDDIES,M C D A
Event,HEROIC ACT,M D B O
Thing,UPHOLSTERY FABRIC,Y C P U
Things,PHOTOS AND VIDEOS,C F H O
What Are You Doing?,HOVERING,P B G O
Event,BUYING A HOUSE,G C M A
Thing,AUXILIARY POWER,C P B O
Phrase,HIGH IMPACT,P G C A
Things,FANCY COWBOY BOOTS,C D M A
Phrase,GIFT IDEAS FOR HIM,M B H O
Person,AVID GOLFER,C H B A
Phrase,BOGGED DOWN,P G D A
Phrase,POSITIVE VIEW,G F P O
Things,BIG PAWS,B D M A
Living Things,WILD FAUNA,D G C O
Phrase,WORTH WAITING FOR,
Thing,AUTHORIZED BIOGRAPHY,D C P A
Thing,AUDIO FREQUENCY,C P M I
Phrase,THE EXACT AMOUNT,H D C O
Things,BREAKING WAVES,P H G O
Thing,GROUP PORTRAIT,C P M A
Thing,VALID LOGIC,D P C O
Thing,MAHOGANY WOOD,M P D A
Place,BUMPY PATH,D C M O
Phrase,ACHIEVE YOUR GOAL,B M D O
Thing,POCKET DIARY,G P H O
Phrase,BUSY WITH WORK,
Phrase,JUMP IN THE BACK,H C G O
Person,WACKY NEIGHBOR,P H G O
Thing,FLOWING GOWN,G H F A
Phrase,WITHOUT A DOUBT,C P M A
Things,ZODIAC SYMBOLS,H M P A
Thing,BUG ZAPPER,D M H A
Phrase,A VERY FIRM HOLD,
Thing,TOUGH QUIZ,H C D A
Phrase,WAY BEHIND,D B K I
Thing,ULTIMATE GUIDEBOOK,D H M O
Person,AVIATOR,M P D I
Thing,RICH FLAVOR,C G F O
Thing,POKER FACE,G M D I
Phrase,FIGURE OUT HOW,
Phrase,A WHIFF OF PERFUME,P H G O
Thing,AUTOPILOT,
Thing,THOROUGH OVERHAUL,H G M A
Things,HIGH-TECH GADGETS,
Thing,FOOD PACKAGING,M C D A
Person,BUILDING OWNER,G C D I
Things,A FEW CHOICES,
Thing,WISP OF HAIR,M P K O
Phrase,ZIPPING BY,C D M A
Thing,PROVEN VALUE,G M D I
Phrase,OVER YONDER,D B G O
Phrase,OVER YONDER,D B G O
People,YOUNG CROWD,P M G I
Phrase,WIGGLE AROUND,B D G I
Phrase,WHAT TO AVOID,M D P O
Phrase,WAVE YOUR MAGIC WAND,M D Y A
Thing,PATIO UMBRELLA,G D M O
Thing,BANDWIDTH,H C P A
Phrase,AWFULLY KIND,D M P A
Phrase,PHASED OUT,
Person,POWERFUL TYCOON,C D P A
Thing,HOURLY FORECAST,D M C O
Phrase,GO VIRAL,
Phrase,APPLY FOR A JOB,D M P A
Phrase,DIVE RIGHT IN,C M D O
Phrase,ZOOM OUT,P H G O
Thing,OVERHEAD LIGHT,G P B I
Phrase,SWOOPING DOWN,D P M I
Phrase,WHAT A BUSYBODY,C D H A
Thing,AN OLD MYTH,D M W O
Thing,STRIPED AWNING,G D P I
Thing,GLOBAL MAP,H D F U
People,ADVISORY BOARD,D P C O
Thing,WORLDWIDE PHENOMENON,C D M A
Phrase,WITHIN THE HOUR,H M Y O
Phrase,PROPER USAGE,P G C U
Person,HIGHEST BIDDER,P C B I
Thing,OBVIOUS ANSWER,
Fun & Games,BUMPER POOL,D F M O
Thing,PROBABILITY,P H G O
Phrase,DABBLE IN THE KITCHEN,C M P A
Phrase,TOO MUCH HYPE,H G P O
Thing,YUMMY RECIPE,D M C A
Phrase,JUST SHOWING OFF,C P G O
Thing,AVIATOR JACKET,P G H O
Thing,HOURLY UPDATE,P D M A
Thing,MUGGY NIGHT,G H M I
Phrase,I JUMPED FOR JOY,C D F A
Phrase,QUICK TURNAROUND,G D H O
Phrase,HI FOLKS,M Y G O
Thing,GLOWING REVIEW,G P H O
Thing,SWAYING HAMMOCK,G H C I
Living Thing,FAITHFUL DOG,
Thing,OVERSIZED WATCH,
People,YOUNG HOMEBUYERS,C D M O
Things,VACUUM-PACKED BAGS,D C H A
Thing,FULL COOKIE JAR,G H C O
Living Things,PINK DAFFODILS,P C D I
Thing,DAILY JOURNAL,C M H A
Food & Drink,FUJI APPLE,G H P O
Thing,BARITONE VOICE,D M P I
What Are You Doing?,WAXING MY CAR,G D C I
Thing,OAK BOOKCASE,
Phrase,WOVEN TOGETHER,P G H O
Thing,UNIQUE POINT OF VIEW,M H W A
Thing,VIDEO BLOG,D C P I
Thing,PAGEANT GOWN,G H P O
Phrase,KEEP PUSHING FORWARD,C G Y O
Phrase,I PLAYED A HUNCH,
Thing,MAXIMUM AMOUNT,C D M O
Thing,UNBIASED OPINION,D M H O
Thing,A HUGE GAMBLE,C H P O
Food & Drink,BAKED SQUASH,H M D I
Place,CLUBHOUSE,P B C O
Phrase,I ADMIRE YOU,C D M A
Thing,VALUABLE IDEA,C P D O
Thing,YOUNG ADULT FICTION,G Q P I
Thing,HIGH VELOCITY,P H D A
Thing,BIG PAYCHECK,
Thing,GIGABYTE,M P G A
Thing,YOUR DAY JOB,Y C D O
Thing,QUICK GUIDE,G P H O
Thing,FILM FOOTAGE,C D P I
Phrase,BY APPOINTMENT,H M C O
Living Thing,SOARING HAWK,P B D O
What Are You Doing?,WARMING UP THE OVEN,P H G O
Thing,HOT BATH,M C P A
Thing,HAPPY CHILDHOOD,D C M A
What Are You Doing?,VACUUMING THE HOUSE,
Thing,FROZEN ICE PACK,G P M I
Things,MORNING DEWDROPS,M G C O
Thing,A WORKING MODEL,C H M A
Thing,PHILANTHROPY,D G C A
Phrase,HAVE SOME FUN,
Phrase,OVERWHELMING FAVORITE,C D M I
What Are You Doing?,CHOOSING A MAJOR,
Thing,PORCH AWNING,D M H A
Thing,PHOTOGRAPHY EXHIBIT,M H C O
Thing,PROFITABILITY,
What Are You Doing?,WAITING ANXIOUSLY,G Y C I
Food & Drink,FLAVORFUL APPETIZER,F P G A
Thing,VOCAL HARMONY,P F G O
Thing,PUFFY JACKET,D M P O
Phrase,BUSY WITH HOUSEWORK,P C D A
Phrase,AHEAD OF THE PACK,F P D A
Phrase,WHAT A CRAZY DAY,H M P A
Thing,FANCY HANDBAG,G B M O
Thing,UTILITY VEHICLE,H B M I
Phrase,DOWNRIGHT HYSTERICAL,B C D I
Thing,POPULAR OPTION,G M P O
What Are You Doing?,JOINING A BOOK CLUB,C D M I
Things,BASIC QUALIFICATIONS,P C M I
Phrase,POP OPEN THE HOOD,H P D A
Phrase,ON MY WAY HOME,M C D I
Phrase,HOT AND JUICY,D H M A
Thing,WITTY JOKE,C D M O
Thing,PRIVACY POLICY,M D B A
Thing,GUST OF AIR,H M C A
Thing,A PACKAGE IN YOUR MAILBOX,P H G O
What Are You Doing?,UPDATING MY WEBSITE,G P H O
What Are You Doing?,DOWNLOADING A VIDEO,C D G I
Phrase,I GOT A KICK OUT OF IT,
What Are You Doing?,BOOKING MY OWN FLIGHT,G M F I
Thing,DISCIPLINED APPROACH,H M P O
Things,A BUNCH OF COPIES,G D P O
Thing,ACADEMIC PROGRAM,C H G O
Thing,BIDDING WAR,B D M O
Place,OFFICE PARK,C K H A
Thing,HUGE YACHT,H M G I
Phrase,QUITE A HAUL,H P D A
Thing,HOLIDAY WREATH,C P D A
What Are You Doing?,PAYING IT FORWARD,C D B A
What Are You Doing?,FILLING MY QUOTA,Y F D A
Thing,PIGEONHOLE,C P G A
Phrase,MIX THINGS UP,H P C I
What Are You Doing?,BROWSING THE AISLES,C G H I
Thing,JOINT VENTURE,G D F U
Thing,YOUR IMAGINATION,C H D A
Phrase,JUST ABOVE A WHISPER,F C D A
Phrase,WAITING FOR HOURS,F H D O
Things,CARDBOARD BOXES,P H G O
Phrase,BY THE BOOK,D H F I
Thing,DYNAMIC VOICE,C P M O
Person,AMAZING PIANIST,G D P O
Phrase,ON OUR WAY TO THE GYM,F H C I
Thing,FLOPPY HAT,C H D A
Phrase,OVER THE HUMP,H V P O
Person,PROUD OWNER,P D I M
Thing,FUDGE BROWNIE RECIPE,D M G A
Phrase,IN GOOD COMPANY,P D O M
Things,PACKAGING SUPPLIES,D M C I
Thing,CHILLY OCEAN WIND,Y D M A
Phrase,SHAKE OFF THE COBWEBS,M G P O
Thing,HEROIC JOURNEY,C D P O
Phrase,IT BOILS DOWN TO THIS,P H G O
Phrase,PAVED THE WAY,M D B I
Person,FAMOUS COMPOSER,G H B I
Thing,MAGIC POWER,G H F O
Thing,PAISLEY FABRIC,C H D A
Place,OFFICE CUBICLE,C M D O
Phrase,QUITE CURIOUS,
Person,AMAZING KID,C P B A
Thing,MY BIG BREAK,H D G A
